model,image
6cnn_tz_9_1_no_custom_OP.onnx,/data/metaroom/metaroom_tz_vanilla/val/beer_bottle/img_142_tz_0.png
6cnn_tz_9_1_no_custom_OP.onnx,/data/metaroom/metaroom_tz_vanilla/val/beer_bottle/img_350_tz_0.png
6cnn_tz_9_1_no_custom_OP.onnx,/data/metaroom/metaroom_tz_vanilla/val/beer_bottle/img_286_tz_0.png
6cnn_tz_9_1_no_custom_OP.onnx,/data/metaroom/metaroom_tz_vanilla/val/beer_bottle/img_175_tz_0.png
6cnn_tz_9_1_no_custom_OP.onnx,/data/metaroom/metaroom_tz_vanilla/val/beer_bottle/img_42_tz_0.png
4cnn_ry_3_0_no_custom_OP.onnx,/data/metaroom/metaroom_ry_vanilla/val/apple/img_119_ry_0.png
4cnn_ry_3_0_no_custom_OP.onnx,/data/metaroom/metaroom_ry_vanilla/val/apple/img_27_ry_0.png
4cnn_ry_3_0_no_custom_OP.onnx,/data/metaroom/metaroom_ry_vanilla/val/apple/img_192_ry_0.png
4cnn_ry_3_0_no_custom_OP.onnx,/data/metaroom/metaroom_ry_vanilla/val/apple/img_124_ry_0.png
4cnn_ry_3_0_no_custom_OP.onnx,/data/metaroom/metaroom_ry_vanilla/val/apple/img_213_ry_0.png
4cnn_ry_3_0_no_custom_OP.onnx,/data/metaroom/metaroom_ry_vanilla/val/apple/img_112_ry_0.png
4cnn_ry_3_0_no_custom_OP.onnx,/data/metaroom/metaroom_ry_vanilla/val/apple/img_66_ry_0.png
4cnn_ry_3_0_no_custom_OP.onnx,/data/metaroom/metaroom_ry_vanilla/val/apple/img_418_ry_0.png
4cnn_ry_3_0_no_custom_OP.onnx,/data/metaroom/metaroom_ry_vanilla/val/apple/img_109_ry_0.png
4cnn_ry_3_0_no_custom_OP.onnx,/data/metaroom/metaroom_ry_vanilla/val/apple/img_1_ry_0.png
4cnn_tz_102_17_no_custom_OP.onnx,/data/metaroom/metaroom_tz_vanilla/val/telephone/img_395_tz_0.png
4cnn_tz_102_17_no_custom_OP.onnx,/data/metaroom/metaroom_tz_vanilla/val/telephone/img_226_tz_0.png
4cnn_tz_102_17_no_custom_OP.onnx,/data/metaroom/metaroom_tz_vanilla/val/telephone/img_489_tz_0.png
4cnn_tz_102_17_no_custom_OP.onnx,/data/metaroom/metaroom_tz_vanilla/val/telephone/img_96_tz_0.png
4cnn_tz_102_17_no_custom_OP.onnx,/data/metaroom/metaroom_tz_vanilla/val/telephone/img_229_tz_0.png
4cnn_tz_102_17_no_custom_OP.onnx,/data/metaroom/metaroom_tz_vanilla/val/telephone/img_127_tz_0.png
4cnn_ry_1_0_no_custom_OP.onnx,/data/metaroom/metaroom_ry_vanilla/val/apple/img_119_ry_0.png
4cnn_ry_1_0_no_custom_OP.onnx,/data/metaroom/metaroom_ry_vanilla/val/apple/img_27_ry_0.png
4cnn_ry_1_0_no_custom_OP.onnx,/data/metaroom/metaroom_ry_vanilla/val/apple/img_192_ry_0.png
4cnn_ry_1_0_no_custom_OP.onnx,/data/metaroom/metaroom_ry_vanilla/val/apple/img_124_ry_0.png
4cnn_ry_1_0_no_custom_OP.onnx,/data/metaroom/metaroom_ry_vanilla/val/apple/img_213_ry_0.png
4cnn_ry_1_0_no_custom_OP.onnx,/data/metaroom/metaroom_ry_vanilla/val/apple/img_112_ry_0.png
4cnn_ry_1_0_no_custom_OP.onnx,/data/metaroom/metaroom_ry_vanilla/val/apple/img_66_ry_0.png
4cnn_ry_1_0_no_custom_OP.onnx,/data/metaroom/metaroom_ry_vanilla/val/apple/img_418_ry_0.png
4cnn_ry_1_0_no_custom_OP.onnx,/data/metaroom/metaroom_ry_vanilla/val/apple/img_109_ry_0.png
4cnn_ry_1_0_no_custom_OP.onnx,/data/metaroom/metaroom_ry_vanilla/val/apple/img_1_ry_0.png
6cnn_tz_23_3_no_custom_OP.onnx,/data/metaroom/metaroom_tz_vanilla/val/book/img_25_tz_0.png
6cnn_tz_23_3_no_custom_OP.onnx,/data/metaroom/metaroom_tz_vanilla/val/book/img_116_tz_0.png
6cnn_tz_23_3_no_custom_OP.onnx,/data/metaroom/metaroom_tz_vanilla/val/book/img_480_tz_0.png
6cnn_tz_23_3_no_custom_OP.onnx,/data/metaroom/metaroom_tz_vanilla/val/book/img_371_tz_0.png
6cnn_tz_23_3_no_custom_OP.onnx,/data/metaroom/metaroom_tz_vanilla/val/book/img_345_tz_0.png
6cnn_tz_23_3_no_custom_OP.onnx,/data/metaroom/metaroom_tz_vanilla/val/book/img_212_tz_0.png
6cnn_tz_23_3_no_custom_OP.onnx,/data/metaroom/metaroom_tz_vanilla/val/book/img_151_tz_0.png
6cnn_tz_23_3_no_custom_OP.onnx,/data/metaroom/metaroom_tz_vanilla/val/book/img_248_tz_0.png
6cnn_tz_23_3_no_custom_OP.onnx,/data/metaroom/metaroom_tz_vanilla/val/book/img_196_tz_0.png
6cnn_tz_23_3_no_custom_OP.onnx,/data/metaroom/metaroom_tz_vanilla/val/book/img_462_tz_0.png
6cnn_tz_23_3_no_custom_OP.onnx,/data/metaroom/metaroom_tz_vanilla/val/book/img_436_tz_0.png
6cnn_tz_23_3_no_custom_OP.onnx,/data/metaroom/metaroom_tz_vanilla/val/book/img_108_tz_0.png
6cnn_tz_23_3_no_custom_OP.onnx,/data/metaroom/metaroom_tz_vanilla/val/book/img_295_tz_0.png
6cnn_ry_21_3_no_custom_OP.onnx,/data/metaroom/metaroom_ry_vanilla/val/book/img_410_ry_0.png
6cnn_ry_21_3_no_custom_OP.onnx,/data/metaroom/metaroom_ry_vanilla/val/book/img_209_ry_0.png
6cnn_ry_21_3_no_custom_OP.onnx,/data/metaroom/metaroom_ry_vanilla/val/book/img_378_ry_0.png
6cnn_ry_21_3_no_custom_OP.onnx,/data/metaroom/metaroom_ry_vanilla/val/book/img_368_ry_0.png
6cnn_ry_21_3_no_custom_OP.onnx,/data/metaroom/metaroom_ry_vanilla/val/book/img_375_ry_0.png
6cnn_ry_21_3_no_custom_OP.onnx,/data/metaroom/metaroom_ry_vanilla/val/book/img_361_ry_0.png
6cnn_ry_21_3_no_custom_OP.onnx,/data/metaroom/metaroom_ry_vanilla/val/book/img_301_ry_0.png
6cnn_ry_21_3_no_custom_OP.onnx,/data/metaroom/metaroom_ry_vanilla/val/book/img_127_ry_0.png
6cnn_ry_5_0_no_custom_OP.onnx,/data/metaroom/metaroom_ry_vanilla/val/apple/img_27_ry_0.png
6cnn_ry_5_0_no_custom_OP.onnx,/data/metaroom/metaroom_ry_vanilla/val/apple/img_192_ry_0.png
6cnn_ry_5_0_no_custom_OP.onnx,/data/metaroom/metaroom_ry_vanilla/val/apple/img_124_ry_0.png
6cnn_ry_5_0_no_custom_OP.onnx,/data/metaroom/metaroom_ry_vanilla/val/apple/img_213_ry_0.png
6cnn_ry_5_0_no_custom_OP.onnx,/data/metaroom/metaroom_ry_vanilla/val/apple/img_112_ry_0.png
6cnn_ry_5_0_no_custom_OP.onnx,/data/metaroom/metaroom_ry_vanilla/val/apple/img_66_ry_0.png
6cnn_ry_5_0_no_custom_OP.onnx,/data/metaroom/metaroom_ry_vanilla/val/apple/img_1_ry_0.png
4cnn_tz_31_5_no_custom_OP.onnx,/data/metaroom/metaroom_tz_vanilla/val/carafe/img_375_tz_0.png
4cnn_tz_31_5_no_custom_OP.onnx,/data/metaroom/metaroom_tz_vanilla/val/carafe/img_87_tz_0.png
4cnn_tz_31_5_no_custom_OP.onnx,/data/metaroom/metaroom_tz_vanilla/val/carafe/img_386_tz_0.png
4cnn_tz_31_5_no_custom_OP.onnx,/data/metaroom/metaroom_tz_vanilla/val/carafe/img_225_tz_0.png
4cnn_tz_31_5_no_custom_OP.onnx,/data/metaroom/metaroom_tz_vanilla/val/carafe/img_257_tz_0.png
4cnn_tz_31_5_no_custom_OP.onnx,/data/metaroom/metaroom_tz_vanilla/val/carafe/img_315_tz_0.png
4cnn_tz_31_5_no_custom_OP.onnx,/data/metaroom/metaroom_tz_vanilla/val/carafe/img_353_tz_0.png
4cnn_tz_31_5_no_custom_OP.onnx,/data/metaroom/metaroom_tz_vanilla/val/carafe/img_432_tz_0.png
4cnn_tz_31_5_no_custom_OP.onnx,/data/metaroom/metaroom_tz_vanilla/val/carafe/img_285_tz_0.png
4cnn_tz_31_5_no_custom_OP.onnx,/data/metaroom/metaroom_tz_vanilla/val/carafe/img_258_tz_0.png
4cnn_tz_31_5_no_custom_OP.onnx,/data/metaroom/metaroom_tz_vanilla/val/carafe/img_215_tz_0.png
4cnn_tz_31_5_no_custom_OP.onnx,/data/metaroom/metaroom_tz_vanilla/val/carafe/img_146_tz_0.png
4cnn_tz_28_4_no_custom_OP.onnx,/data/metaroom/metaroom_tz_vanilla/val/can/img_223_tz_0.png
6cnn_ry_36_6_no_custom_OP.onnx,/data/metaroom/metaroom_ry_vanilla/val/cereal_box/img_194_ry_0.png
6cnn_ry_36_6_no_custom_OP.onnx,/data/metaroom/metaroom_ry_vanilla/val/cereal_box/img_358_ry_0.png
6cnn_ry_36_6_no_custom_OP.onnx,/data/metaroom/metaroom_ry_vanilla/val/cereal_box/img_451_ry_0.png
6cnn_ry_36_6_no_custom_OP.onnx,/data/metaroom/metaroom_ry_vanilla/val/cereal_box/img_135_ry_0.png
6cnn_ry_49_8_no_custom_OP.onnx,/data/metaroom/metaroom_ry_vanilla/val/honey_jar/img_258_ry_0.png
6cnn_ry_49_8_no_custom_OP.onnx,/data/metaroom/metaroom_ry_vanilla/val/honey_jar/img_417_ry_0.png
6cnn_ry_49_8_no_custom_OP.onnx,/data/metaroom/metaroom_ry_vanilla/val/honey_jar/img_71_ry_0.png
6cnn_ry_49_8_no_custom_OP.onnx,/data/metaroom/metaroom_ry_vanilla/val/honey_jar/img_51_ry_0.png
6cnn_ry_49_8_no_custom_OP.onnx,/data/metaroom/metaroom_ry_vanilla/val/honey_jar/img_305_ry_0.png
6cnn_ry_49_8_no_custom_OP.onnx,/data/metaroom/metaroom_ry_vanilla/val/honey_jar/img_254_ry_0.png
6cnn_tz_95_15_no_custom_OP.onnx,/data/metaroom/metaroom_tz_vanilla/val/rubber_duck/img_236_tz_0.png
6cnn_tz_95_15_no_custom_OP.onnx,/data/metaroom/metaroom_tz_vanilla/val/rubber_duck/img_485_tz_0.png
6cnn_tz_95_15_no_custom_OP.onnx,/data/metaroom/metaroom_tz_vanilla/val/rubber_duck/img_284_tz_0.png
6cnn_tz_95_15_no_custom_OP.onnx,/data/metaroom/metaroom_tz_vanilla/val/rubber_duck/img_161_tz_0.png
6cnn_tz_95_15_no_custom_OP.onnx,/data/metaroom/metaroom_tz_vanilla/val/rubber_duck/img_152_tz_0.png
6cnn_tz_95_15_no_custom_OP.onnx,/data/metaroom/metaroom_tz_vanilla/val/rubber_duck/img_473_tz_0.png
4cnn_ry_94_15_no_custom_OP.onnx,/data/metaroom/metaroom_ry_vanilla/val/rubber_duck/img_408_ry_0.png
4cnn_ry_94_15_no_custom_OP.onnx,/data/metaroom/metaroom_ry_vanilla/val/rubber_duck/img_84_ry_0.png
4cnn_ry_94_15_no_custom_OP.onnx,/data/metaroom/metaroom_ry_vanilla/val/rubber_duck/img_486_ry_0.png
4cnn_ry_94_15_no_custom_OP.onnx,/data/metaroom/metaroom_ry_vanilla/val/rubber_duck/img_263_ry_0.png
4cnn_ry_94_15_no_custom_OP.onnx,/data/metaroom/metaroom_ry_vanilla/val/rubber_duck/img_448_ry_0.png
4cnn_ry_94_15_no_custom_OP.onnx,/data/metaroom/metaroom_ry_vanilla/val/rubber_duck/img_492_ry_0.png
4cnn_ry_94_15_no_custom_OP.onnx,/data/metaroom/metaroom_ry_vanilla/val/rubber_duck/img_435_ry_0.png
4cnn_ry_94_15_no_custom_OP.onnx,/data/metaroom/metaroom_ry_vanilla/val/rubber_duck/img_332_ry_0.png
6cnn_ry_119_19_no_custom_OP.onnx,/data/metaroom/metaroom_ry_vanilla/val/wine_glass/img_27_ry_0.png
6cnn_ry_119_19_no_custom_OP.onnx,/data/metaroom/metaroom_ry_vanilla/val/wine_glass/img_158_ry_0.png
6cnn_ry_119_19_no_custom_OP.onnx,/data/metaroom/metaroom_ry_vanilla/val/wine_glass/img_320_ry_0.png
6cnn_ry_119_19_no_custom_OP.onnx,/data/metaroom/metaroom_ry_vanilla/val/wine_glass/img_113_ry_0.png
6cnn_ry_119_19_no_custom_OP.onnx,/data/metaroom/metaroom_ry_vanilla/val/wine_glass/img_446_ry_0.png
6cnn_ry_119_19_no_custom_OP.onnx,/data/metaroom/metaroom_ry_vanilla/val/wine_glass/img_43_ry_0.png
6cnn_ry_119_19_no_custom_OP.onnx,/data/metaroom/metaroom_ry_vanilla/val/wine_glass/img_59_ry_0.png
6cnn_ry_119_19_no_custom_OP.onnx,/data/metaroom/metaroom_ry_vanilla/val/wine_glass/img_235_ry_0.png
4cnn_ry_91_15_no_custom_OP.onnx,/data/metaroom/metaroom_ry_vanilla/val/rubber_duck/img_408_ry_0.png
4cnn_ry_91_15_no_custom_OP.onnx,/data/metaroom/metaroom_ry_vanilla/val/rubber_duck/img_84_ry_0.png
4cnn_ry_91_15_no_custom_OP.onnx,/data/metaroom/metaroom_ry_vanilla/val/rubber_duck/img_486_ry_0.png
4cnn_ry_91_15_no_custom_OP.onnx,/data/metaroom/metaroom_ry_vanilla/val/rubber_duck/img_263_ry_0.png
4cnn_ry_91_15_no_custom_OP.onnx,/data/metaroom/metaroom_ry_vanilla/val/rubber_duck/img_448_ry_0.png
4cnn_ry_91_15_no_custom_OP.onnx,/data/metaroom/metaroom_ry_vanilla/val/rubber_duck/img_492_ry_0.png
4cnn_ry_91_15_no_custom_OP.onnx,/data/metaroom/metaroom_ry_vanilla/val/rubber_duck/img_435_ry_0.png
4cnn_ry_91_15_no_custom_OP.onnx,/data/metaroom/metaroom_ry_vanilla/val/rubber_duck/img_332_ry_0.png
6cnn_tz_71_11_no_custom_OP.onnx,/data/metaroom/metaroom_tz_vanilla/val/monitor/img_208_tz_0.png
6cnn_tz_71_11_no_custom_OP.onnx,/data/metaroom/metaroom_tz_vanilla/val/monitor/img_265_tz_0.png
6cnn_tz_71_11_no_custom_OP.onnx,/data/metaroom/metaroom_tz_vanilla/val/monitor/img_96_tz_0.png
6cnn_tz_71_11_no_custom_OP.onnx,/data/metaroom/metaroom_tz_vanilla/val/monitor/img_205_tz_0.png
6cnn_tz_71_11_no_custom_OP.onnx,/data/metaroom/metaroom_tz_vanilla/val/monitor/img_211_tz_0.png
6cnn_tz_71_11_no_custom_OP.onnx,/data/metaroom/metaroom_tz_vanilla/val/monitor/img_453_tz_0.png
6cnn_tz_71_11_no_custom_OP.onnx,/data/metaroom/metaroom_tz_vanilla/val/monitor/img_465_tz_0.png
6cnn_tz_71_11_no_custom_OP.onnx,/data/metaroom/metaroom_tz_vanilla/val/monitor/img_194_tz_0.png
6cnn_tz_71_11_no_custom_OP.onnx,/data/metaroom/metaroom_tz_vanilla/val/monitor/img_412_tz_0.png
6cnn_tz_71_11_no_custom_OP.onnx,/data/metaroom/metaroom_tz_vanilla/val/monitor/img_314_tz_0.png
6cnn_tz_79_13_no_custom_OP.onnx,/data/metaroom/metaroom_tz_vanilla/val/orange/img_410_tz_0.png
6cnn_tz_79_13_no_custom_OP.onnx,/data/metaroom/metaroom_tz_vanilla/val/orange/img_186_tz_0.png
6cnn_tz_79_13_no_custom_OP.onnx,/data/metaroom/metaroom_tz_vanilla/val/orange/img_216_tz_0.png
6cnn_tz_79_13_no_custom_OP.onnx,/data/metaroom/metaroom_tz_vanilla/val/orange/img_471_tz_0.png
6cnn_tz_79_13_no_custom_OP.onnx,/data/metaroom/metaroom_tz_vanilla/val/orange/img_271_tz_0.png
6cnn_tz_79_13_no_custom_OP.onnx,/data/metaroom/metaroom_tz_vanilla/val/orange/img_173_tz_0.png
6cnn_tz_79_13_no_custom_OP.onnx,/data/metaroom/metaroom_tz_vanilla/val/orange/img_152_tz_0.png
6cnn_tz_79_13_no_custom_OP.onnx,/data/metaroom/metaroom_tz_vanilla/val/orange/img_456_tz_0.png
6cnn_tz_79_13_no_custom_OP.onnx,/data/metaroom/metaroom_tz_vanilla/val/orange/img_78_tz_0.png
4cnn_ry_48_8_no_custom_OP.onnx,/data/metaroom/metaroom_ry_vanilla/val/honey_jar/img_258_ry_0.png
4cnn_ry_48_8_no_custom_OP.onnx,/data/metaroom/metaroom_ry_vanilla/val/honey_jar/img_417_ry_0.png
4cnn_ry_48_8_no_custom_OP.onnx,/data/metaroom/metaroom_ry_vanilla/val/honey_jar/img_51_ry_0.png
4cnn_ry_48_8_no_custom_OP.onnx,/data/metaroom/metaroom_ry_vanilla/val/honey_jar/img_305_ry_0.png
4cnn_ry_48_8_no_custom_OP.onnx,/data/metaroom/metaroom_ry_vanilla/val/honey_jar/img_254_ry_0.png
4cnn_ry_48_8_no_custom_OP.onnx,/data/metaroom/metaroom_ry_vanilla/val/honey_jar/img_494_ry_0.png
4cnn_tz_68_11_no_custom_OP.onnx,/data/metaroom/metaroom_tz_vanilla/val/monitor/img_208_tz_0.png
4cnn_tz_68_11_no_custom_OP.onnx,/data/metaroom/metaroom_tz_vanilla/val/monitor/img_96_tz_0.png
4cnn_tz_68_11_no_custom_OP.onnx,/data/metaroom/metaroom_tz_vanilla/val/monitor/img_205_tz_0.png
4cnn_tz_68_11_no_custom_OP.onnx,/data/metaroom/metaroom_tz_vanilla/val/monitor/img_453_tz_0.png
4cnn_tz_68_11_no_custom_OP.onnx,/data/metaroom/metaroom_tz_vanilla/val/monitor/img_465_tz_0.png
4cnn_tz_68_11_no_custom_OP.onnx,/data/metaroom/metaroom_tz_vanilla/val/monitor/img_194_tz_0.png
4cnn_tz_68_11_no_custom_OP.onnx,/data/metaroom/metaroom_tz_vanilla/val/monitor/img_412_tz_0.png
4cnn_tz_68_11_no_custom_OP.onnx,/data/metaroom/metaroom_tz_vanilla/val/monitor/img_314_tz_0.png
6cnn_ry_54_9_no_custom_OP.onnx,/data/metaroom/metaroom_ry_vanilla/val/jam_jar/img_189_ry_0.png
6cnn_ry_54_9_no_custom_OP.onnx,/data/metaroom/metaroom_ry_vanilla/val/jam_jar/img_266_ry_0.png
6cnn_ry_54_9_no_custom_OP.onnx,/data/metaroom/metaroom_ry_vanilla/val/jam_jar/img_213_ry_0.png
6cnn_ry_54_9_no_custom_OP.onnx,/data/metaroom/metaroom_ry_vanilla/val/jam_jar/img_458_ry_0.png
6cnn_ry_54_9_no_custom_OP.onnx,/data/metaroom/metaroom_ry_vanilla/val/jam_jar/img_28_ry_0.png
6cnn_ry_53_8_no_custom_OP.onnx,/data/metaroom/metaroom_ry_vanilla/val/honey_jar/img_258_ry_0.png
6cnn_ry_53_8_no_custom_OP.onnx,/data/metaroom/metaroom_ry_vanilla/val/honey_jar/img_417_ry_0.png
6cnn_ry_53_8_no_custom_OP.onnx,/data/metaroom/metaroom_ry_vanilla/val/honey_jar/img_71_ry_0.png
6cnn_ry_53_8_no_custom_OP.onnx,/data/metaroom/metaroom_ry_vanilla/val/honey_jar/img_51_ry_0.png
6cnn_ry_53_8_no_custom_OP.onnx,/data/metaroom/metaroom_ry_vanilla/val/honey_jar/img_305_ry_0.png
6cnn_ry_53_8_no_custom_OP.onnx,/data/metaroom/metaroom_ry_vanilla/val/honey_jar/img_254_ry_0.png
6cnn_tz_21_3_no_custom_OP.onnx,/data/metaroom/metaroom_tz_vanilla/val/book/img_25_tz_0.png
6cnn_tz_21_3_no_custom_OP.onnx,/data/metaroom/metaroom_tz_vanilla/val/book/img_116_tz_0.png
6cnn_tz_21_3_no_custom_OP.onnx,/data/metaroom/metaroom_tz_vanilla/val/book/img_480_tz_0.png
6cnn_tz_21_3_no_custom_OP.onnx,/data/metaroom/metaroom_tz_vanilla/val/book/img_371_tz_0.png
6cnn_tz_21_3_no_custom_OP.onnx,/data/metaroom/metaroom_tz_vanilla/val/book/img_345_tz_0.png
6cnn_tz_21_3_no_custom_OP.onnx,/data/metaroom/metaroom_tz_vanilla/val/book/img_212_tz_0.png
6cnn_tz_21_3_no_custom_OP.onnx,/data/metaroom/metaroom_tz_vanilla/val/book/img_151_tz_0.png
6cnn_tz_21_3_no_custom_OP.onnx,/data/metaroom/metaroom_tz_vanilla/val/book/img_248_tz_0.png
6cnn_tz_21_3_no_custom_OP.onnx,/data/metaroom/metaroom_tz_vanilla/val/book/img_196_tz_0.png
6cnn_tz_21_3_no_custom_OP.onnx,/data/metaroom/metaroom_tz_vanilla/val/book/img_462_tz_0.png
6cnn_tz_21_3_no_custom_OP.onnx,/data/metaroom/metaroom_tz_vanilla/val/book/img_436_tz_0.png
6cnn_tz_21_3_no_custom_OP.onnx,/data/metaroom/metaroom_tz_vanilla/val/book/img_108_tz_0.png
6cnn_tz_21_3_no_custom_OP.onnx,/data/metaroom/metaroom_tz_vanilla/val/book/img_295_tz_0.png
6cnn_tz_114_19_no_custom_OP.onnx,/data/metaroom/metaroom_tz_vanilla/val/wine_glass/img_224_tz_0.png
6cnn_tz_114_19_no_custom_OP.onnx,/data/metaroom/metaroom_tz_vanilla/val/wine_glass/img_445_tz_0.png
6cnn_tz_114_19_no_custom_OP.onnx,/data/metaroom/metaroom_tz_vanilla/val/wine_glass/img_174_tz_0.png
6cnn_tz_114_19_no_custom_OP.onnx,/data/metaroom/metaroom_tz_vanilla/val/wine_glass/img_161_tz_0.png
6cnn_tz_114_19_no_custom_OP.onnx,/data/metaroom/metaroom_tz_vanilla/val/wine_glass/img_114_tz_0.png
6cnn_tz_114_19_no_custom_OP.onnx,/data/metaroom/metaroom_tz_vanilla/val/wine_glass/img_226_tz_0.png
6cnn_tz_114_19_no_custom_OP.onnx,/data/metaroom/metaroom_tz_vanilla/val/wine_glass/img_389_tz_0.png
6cnn_tz_114_19_no_custom_OP.onnx,/data/metaroom/metaroom_tz_vanilla/val/wine_glass/img_451_tz_0.png
6cnn_tz_114_19_no_custom_OP.onnx,/data/metaroom/metaroom_tz_vanilla/val/wine_glass/img_344_tz_0.png
6cnn_tz_114_19_no_custom_OP.onnx,/data/metaroom/metaroom_tz_vanilla/val/wine_glass/img_229_tz_0.png
6cnn_ry_65_10_no_custom_OP.onnx,/data/metaroom/metaroom_ry_vanilla/val/laptop/img_440_ry_0.png
6cnn_ry_65_10_no_custom_OP.onnx,/data/metaroom/metaroom_ry_vanilla/val/laptop/img_115_ry_0.png
6cnn_ry_65_10_no_custom_OP.onnx,/data/metaroom/metaroom_ry_vanilla/val/laptop/img_88_ry_0.png
6cnn_ry_65_10_no_custom_OP.onnx,/data/metaroom/metaroom_ry_vanilla/val/laptop/img_32_ry_0.png
6cnn_ry_65_10_no_custom_OP.onnx,/data/metaroom/metaroom_ry_vanilla/val/laptop/img_126_ry_0.png
6cnn_ry_65_10_no_custom_OP.onnx,/data/metaroom/metaroom_ry_vanilla/val/laptop/img_491_ry_0.png
6cnn_ry_65_10_no_custom_OP.onnx,/data/metaroom/metaroom_ry_vanilla/val/laptop/img_349_ry_0.png
6cnn_ry_65_10_no_custom_OP.onnx,/data/metaroom/metaroom_ry_vanilla/val/laptop/img_369_ry_0.png
6cnn_ry_65_10_no_custom_OP.onnx,/data/metaroom/metaroom_ry_vanilla/val/laptop/img_482_ry_0.png
6cnn_ry_65_10_no_custom_OP.onnx,/data/metaroom/metaroom_ry_vanilla/val/laptop/img_296_ry_0.png
6cnn_ry_65_10_no_custom_OP.onnx,/data/metaroom/metaroom_ry_vanilla/val/laptop/img_135_ry_0.png
6cnn_tz_49_8_no_custom_OP.onnx,/data/metaroom/metaroom_tz_vanilla/val/honey_jar/img_135_tz_0.png
6cnn_tz_49_8_no_custom_OP.onnx,/data/metaroom/metaroom_tz_vanilla/val/honey_jar/img_359_tz_0.png
6cnn_tz_49_8_no_custom_OP.onnx,/data/metaroom/metaroom_tz_vanilla/val/honey_jar/img_268_tz_0.png
6cnn_tz_49_8_no_custom_OP.onnx,/data/metaroom/metaroom_tz_vanilla/val/honey_jar/img_448_tz_0.png
6cnn_tz_49_8_no_custom_OP.onnx,/data/metaroom/metaroom_tz_vanilla/val/honey_jar/img_207_tz_0.png
6cnn_tz_49_8_no_custom_OP.onnx,/data/metaroom/metaroom_tz_vanilla/val/honey_jar/img_456_tz_0.png
6cnn_tz_49_8_no_custom_OP.onnx,/data/metaroom/metaroom_tz_vanilla/val/honey_jar/img_7_tz_0.png
6cnn_tz_49_8_no_custom_OP.onnx,/data/metaroom/metaroom_tz_vanilla/val/honey_jar/img_197_tz_0.png
6cnn_tz_6_1_no_custom_OP.onnx,/data/metaroom/metaroom_tz_vanilla/val/beer_bottle/img_142_tz_0.png
6cnn_tz_6_1_no_custom_OP.onnx,/data/metaroom/metaroom_tz_vanilla/val/beer_bottle/img_350_tz_0.png
6cnn_tz_6_1_no_custom_OP.onnx,/data/metaroom/metaroom_tz_vanilla/val/beer_bottle/img_286_tz_0.png
6cnn_tz_6_1_no_custom_OP.onnx,/data/metaroom/metaroom_tz_vanilla/val/beer_bottle/img_175_tz_0.png
6cnn_tz_6_1_no_custom_OP.onnx,/data/metaroom/metaroom_tz_vanilla/val/beer_bottle/img_42_tz_0.png
6cnn_tz_41_6_no_custom_OP.onnx,/data/metaroom/metaroom_tz_vanilla/val/cereal_box/img_313_tz_0.png
6cnn_tz_41_6_no_custom_OP.onnx,/data/metaroom/metaroom_tz_vanilla/val/cereal_box/img_219_tz_0.png
6cnn_tz_41_6_no_custom_OP.onnx,/data/metaroom/metaroom_tz_vanilla/val/cereal_box/img_310_tz_0.png
6cnn_tz_41_6_no_custom_OP.onnx,/data/metaroom/metaroom_tz_vanilla/val/cereal_box/img_232_tz_0.png
6cnn_tz_41_6_no_custom_OP.onnx,/data/metaroom/metaroom_tz_vanilla/val/cereal_box/img_107_tz_0.png
6cnn_tz_41_6_no_custom_OP.onnx,/data/metaroom/metaroom_tz_vanilla/val/cereal_box/img_421_tz_0.png
6cnn_tz_41_6_no_custom_OP.onnx,/data/metaroom/metaroom_tz_vanilla/val/cereal_box/img_394_tz_0.png
4cnn_tz_40_6_no_custom_OP.onnx,/data/metaroom/metaroom_tz_vanilla/val/cereal_box/img_313_tz_0.png
4cnn_tz_40_6_no_custom_OP.onnx,/data/metaroom/metaroom_tz_vanilla/val/cereal_box/img_219_tz_0.png
4cnn_tz_40_6_no_custom_OP.onnx,/data/metaroom/metaroom_tz_vanilla/val/cereal_box/img_310_tz_0.png
4cnn_tz_40_6_no_custom_OP.onnx,/data/metaroom/metaroom_tz_vanilla/val/cereal_box/img_232_tz_0.png
4cnn_tz_40_6_no_custom_OP.onnx,/data/metaroom/metaroom_tz_vanilla/val/cereal_box/img_107_tz_0.png
4cnn_tz_40_6_no_custom_OP.onnx,/data/metaroom/metaroom_tz_vanilla/val/cereal_box/img_421_tz_0.png
4cnn_tz_40_6_no_custom_OP.onnx,/data/metaroom/metaroom_tz_vanilla/val/cereal_box/img_394_tz_0.png
4cnn_ry_40_6_no_custom_OP.onnx,/data/metaroom/metaroom_ry_vanilla/val/cereal_box/img_194_ry_0.png
4cnn_ry_40_6_no_custom_OP.onnx,/data/metaroom/metaroom_ry_vanilla/val/cereal_box/img_358_ry_0.png
4cnn_ry_40_6_no_custom_OP.onnx,/data/metaroom/metaroom_ry_vanilla/val/cereal_box/img_451_ry_0.png
4cnn_ry_40_6_no_custom_OP.onnx,/data/metaroom/metaroom_ry_vanilla/val/cereal_box/img_98_ry_0.png
4cnn_ry_40_6_no_custom_OP.onnx,/data/metaroom/metaroom_ry_vanilla/val/cereal_box/img_135_ry_0.png
6cnn_tz_28_4_no_custom_OP.onnx,/data/metaroom/metaroom_tz_vanilla/val/can/img_77_tz_0.png
6cnn_tz_28_4_no_custom_OP.onnx,/data/metaroom/metaroom_tz_vanilla/val/can/img_464_tz_0.png
6cnn_tz_28_4_no_custom_OP.onnx,/data/metaroom/metaroom_tz_vanilla/val/can/img_184_tz_0.png
6cnn_tz_28_4_no_custom_OP.onnx,/data/metaroom/metaroom_tz_vanilla/val/can/img_223_tz_0.png
4cnn_ry_9_1_no_custom_OP.onnx,/data/metaroom/metaroom_ry_vanilla/val/beer_bottle/img_483_ry_0.png
4cnn_ry_9_1_no_custom_OP.onnx,/data/metaroom/metaroom_ry_vanilla/val/beer_bottle/img_203_ry_0.png
4cnn_ry_9_1_no_custom_OP.onnx,/data/metaroom/metaroom_ry_vanilla/val/beer_bottle/img_231_ry_0.png
4cnn_ry_9_1_no_custom_OP.onnx,/data/metaroom/metaroom_ry_vanilla/val/beer_bottle/img_91_ry_0.png
4cnn_ry_9_1_no_custom_OP.onnx,/data/metaroom/metaroom_ry_vanilla/val/beer_bottle/img_347_ry_0.png
4cnn_ry_9_1_no_custom_OP.onnx,/data/metaroom/metaroom_ry_vanilla/val/beer_bottle/img_63_ry_0.png
4cnn_ry_9_1_no_custom_OP.onnx,/data/metaroom/metaroom_ry_vanilla/val/beer_bottle/img_308_ry_0.png
4cnn_ry_9_1_no_custom_OP.onnx,/data/metaroom/metaroom_ry_vanilla/val/beer_bottle/img_28_ry_0.png
4cnn_ry_9_1_no_custom_OP.onnx,/data/metaroom/metaroom_ry_vanilla/val/beer_bottle/img_457_ry_0.png
4cnn_ry_9_1_no_custom_OP.onnx,/data/metaroom/metaroom_ry_vanilla/val/beer_bottle/img_326_ry_0.png
4cnn_ry_9_1_no_custom_OP.onnx,/data/metaroom/metaroom_ry_vanilla/val/beer_bottle/img_175_ry_0.png
4cnn_tz_44_7_no_custom_OP.onnx,/data/metaroom/metaroom_tz_vanilla/val/fruit_bowl/img_396_tz_0.png
4cnn_tz_44_7_no_custom_OP.onnx,/data/metaroom/metaroom_tz_vanilla/val/fruit_bowl/img_210_tz_0.png
4cnn_tz_44_7_no_custom_OP.onnx,/data/metaroom/metaroom_tz_vanilla/val/fruit_bowl/img_44_tz_0.png
4cnn_tz_44_7_no_custom_OP.onnx,/data/metaroom/metaroom_tz_vanilla/val/fruit_bowl/img_300_tz_0.png
4cnn_tz_44_7_no_custom_OP.onnx,/data/metaroom/metaroom_tz_vanilla/val/fruit_bowl/img_246_tz_0.png
4cnn_tz_44_7_no_custom_OP.onnx,/data/metaroom/metaroom_tz_vanilla/val/fruit_bowl/img_151_tz_0.png
4cnn_tz_44_7_no_custom_OP.onnx,/data/metaroom/metaroom_tz_vanilla/val/fruit_bowl/img_462_tz_0.png
4cnn_tz_44_7_no_custom_OP.onnx,/data/metaroom/metaroom_tz_vanilla/val/fruit_bowl/img_358_tz_0.png
4cnn_tz_1_0_no_custom_OP.onnx,/data/metaroom/metaroom_tz_vanilla/val/apple/img_32_tz_0.png
4cnn_tz_1_0_no_custom_OP.onnx,/data/metaroom/metaroom_tz_vanilla/val/apple/img_6_tz_0.png
4cnn_tz_1_0_no_custom_OP.onnx,/data/metaroom/metaroom_tz_vanilla/val/apple/img_5_tz_0.png
4cnn_tz_1_0_no_custom_OP.onnx,/data/metaroom/metaroom_tz_vanilla/val/apple/img_471_tz_0.png
4cnn_tz_1_0_no_custom_OP.onnx,/data/metaroom/metaroom_tz_vanilla/val/apple/img_133_tz_0.png
4cnn_tz_1_0_no_custom_OP.onnx,/data/metaroom/metaroom_tz_vanilla/val/apple/img_211_tz_0.png
4cnn_tz_1_0_no_custom_OP.onnx,/data/metaroom/metaroom_tz_vanilla/val/apple/img_158_tz_0.png
4cnn_ry_65_10_no_custom_OP.onnx,/data/metaroom/metaroom_ry_vanilla/val/laptop/img_45_ry_0.png
4cnn_ry_65_10_no_custom_OP.onnx,/data/metaroom/metaroom_ry_vanilla/val/laptop/img_440_ry_0.png
4cnn_ry_65_10_no_custom_OP.onnx,/data/metaroom/metaroom_ry_vanilla/val/laptop/img_115_ry_0.png
4cnn_ry_65_10_no_custom_OP.onnx,/data/metaroom/metaroom_ry_vanilla/val/laptop/img_88_ry_0.png
4cnn_ry_65_10_no_custom_OP.onnx,/data/metaroom/metaroom_ry_vanilla/val/laptop/img_169_ry_0.png
4cnn_ry_65_10_no_custom_OP.onnx,/data/metaroom/metaroom_ry_vanilla/val/laptop/img_126_ry_0.png
4cnn_ry_65_10_no_custom_OP.onnx,/data/metaroom/metaroom_ry_vanilla/val/laptop/img_491_ry_0.png
4cnn_ry_65_10_no_custom_OP.onnx,/data/metaroom/metaroom_ry_vanilla/val/laptop/img_349_ry_0.png
4cnn_ry_65_10_no_custom_OP.onnx,/data/metaroom/metaroom_ry_vanilla/val/laptop/img_482_ry_0.png
4cnn_ry_65_10_no_custom_OP.onnx,/data/metaroom/metaroom_ry_vanilla/val/laptop/img_296_ry_0.png
4cnn_ry_65_10_no_custom_OP.onnx,/data/metaroom/metaroom_ry_vanilla/val/laptop/img_135_ry_0.png
4cnn_ry_38_6_no_custom_OP.onnx,/data/metaroom/metaroom_ry_vanilla/val/cereal_box/img_194_ry_0.png
4cnn_ry_38_6_no_custom_OP.onnx,/data/metaroom/metaroom_ry_vanilla/val/cereal_box/img_358_ry_0.png
4cnn_ry_38_6_no_custom_OP.onnx,/data/metaroom/metaroom_ry_vanilla/val/cereal_box/img_451_ry_0.png
4cnn_ry_38_6_no_custom_OP.onnx,/data/metaroom/metaroom_ry_vanilla/val/cereal_box/img_98_ry_0.png
4cnn_ry_38_6_no_custom_OP.onnx,/data/metaroom/metaroom_ry_vanilla/val/cereal_box/img_135_ry_0.png
6cnn_ry_102_17_no_custom_OP.onnx,/data/metaroom/metaroom_ry_vanilla/val/telephone/img_429_ry_0.png
6cnn_ry_102_17_no_custom_OP.onnx,/data/metaroom/metaroom_ry_vanilla/val/telephone/img_328_ry_0.png
6cnn_ry_102_17_no_custom_OP.onnx,/data/metaroom/metaroom_ry_vanilla/val/telephone/img_279_ry_0.png
6cnn_ry_102_17_no_custom_OP.onnx,/data/metaroom/metaroom_ry_vanilla/val/telephone/img_191_ry_0.png
6cnn_ry_102_17_no_custom_OP.onnx,/data/metaroom/metaroom_ry_vanilla/val/telephone/img_247_ry_0.png
6cnn_ry_102_17_no_custom_OP.onnx,/data/metaroom/metaroom_ry_vanilla/val/telephone/img_356_ry_0.png
6cnn_ry_102_17_no_custom_OP.onnx,/data/metaroom/metaroom_ry_vanilla/val/telephone/img_161_ry_0.png
6cnn_ry_102_17_no_custom_OP.onnx,/data/metaroom/metaroom_ry_vanilla/val/telephone/img_449_ry_0.png
4cnn_tz_41_6_no_custom_OP.onnx,/data/metaroom/metaroom_tz_vanilla/val/cereal_box/img_313_tz_0.png
4cnn_tz_41_6_no_custom_OP.onnx,/data/metaroom/metaroom_tz_vanilla/val/cereal_box/img_219_tz_0.png
4cnn_tz_41_6_no_custom_OP.onnx,/data/metaroom/metaroom_tz_vanilla/val/cereal_box/img_310_tz_0.png
4cnn_tz_41_6_no_custom_OP.onnx,/data/metaroom/metaroom_tz_vanilla/val/cereal_box/img_232_tz_0.png
4cnn_tz_41_6_no_custom_OP.onnx,/data/metaroom/metaroom_tz_vanilla/val/cereal_box/img_107_tz_0.png
4cnn_tz_41_6_no_custom_OP.onnx,/data/metaroom/metaroom_tz_vanilla/val/cereal_box/img_421_tz_0.png
4cnn_tz_41_6_no_custom_OP.onnx,/data/metaroom/metaroom_tz_vanilla/val/cereal_box/img_394_tz_0.png
4cnn_ry_47_7_no_custom_OP.onnx,/data/metaroom/metaroom_ry_vanilla/val/fruit_bowl/img_30_ry_0.png
4cnn_ry_47_7_no_custom_OP.onnx,/data/metaroom/metaroom_ry_vanilla/val/fruit_bowl/img_177_ry_0.png
4cnn_ry_47_7_no_custom_OP.onnx,/data/metaroom/metaroom_ry_vanilla/val/fruit_bowl/img_370_ry_0.png
4cnn_ry_47_7_no_custom_OP.onnx,/data/metaroom/metaroom_ry_vanilla/val/fruit_bowl/img_360_ry_0.png
4cnn_ry_47_7_no_custom_OP.onnx,/data/metaroom/metaroom_ry_vanilla/val/fruit_bowl/img_88_ry_0.png
4cnn_ry_47_7_no_custom_OP.onnx,/data/metaroom/metaroom_ry_vanilla/val/fruit_bowl/img_66_ry_0.png
4cnn_ry_47_7_no_custom_OP.onnx,/data/metaroom/metaroom_ry_vanilla/val/fruit_bowl/img_235_ry_0.png
4cnn_ry_47_7_no_custom_OP.onnx,/data/metaroom/metaroom_ry_vanilla/val/fruit_bowl/img_415_ry_0.png
4cnn_ry_47_7_no_custom_OP.onnx,/data/metaroom/metaroom_ry_vanilla/val/fruit_bowl/img_83_ry_0.png
4cnn_ry_47_7_no_custom_OP.onnx,/data/metaroom/metaroom_ry_vanilla/val/fruit_bowl/img_485_ry_0.png
4cnn_ry_47_7_no_custom_OP.onnx,/data/metaroom/metaroom_ry_vanilla/val/fruit_bowl/img_488_ry_0.png
6cnn_ry_4_0_no_custom_OP.onnx,/data/metaroom/metaroom_ry_vanilla/val/apple/img_27_ry_0.png
6cnn_ry_4_0_no_custom_OP.onnx,/data/metaroom/metaroom_ry_vanilla/val/apple/img_192_ry_0.png
6cnn_ry_4_0_no_custom_OP.onnx,/data/metaroom/metaroom_ry_vanilla/val/apple/img_124_ry_0.png
6cnn_ry_4_0_no_custom_OP.onnx,/data/metaroom/metaroom_ry_vanilla/val/apple/img_213_ry_0.png
6cnn_ry_4_0_no_custom_OP.onnx,/data/metaroom/metaroom_ry_vanilla/val/apple/img_112_ry_0.png
6cnn_ry_4_0_no_custom_OP.onnx,/data/metaroom/metaroom_ry_vanilla/val/apple/img_66_ry_0.png
6cnn_ry_4_0_no_custom_OP.onnx,/data/metaroom/metaroom_ry_vanilla/val/apple/img_1_ry_0.png
4cnn_ry_30_5_no_custom_OP.onnx,/data/metaroom/metaroom_ry_vanilla/val/carafe/img_310_ry_0.png
4cnn_ry_30_5_no_custom_OP.onnx,/data/metaroom/metaroom_ry_vanilla/val/carafe/img_443_ry_0.png
4cnn_ry_30_5_no_custom_OP.onnx,/data/metaroom/metaroom_ry_vanilla/val/carafe/img_354_ry_0.png
4cnn_ry_30_5_no_custom_OP.onnx,/data/metaroom/metaroom_ry_vanilla/val/carafe/img_259_ry_0.png
4cnn_ry_30_5_no_custom_OP.onnx,/data/metaroom/metaroom_ry_vanilla/val/carafe/img_337_ry_0.png
4cnn_ry_30_5_no_custom_OP.onnx,/data/metaroom/metaroom_ry_vanilla/val/carafe/img_469_ry_0.png
4cnn_ry_30_5_no_custom_OP.onnx,/data/metaroom/metaroom_ry_vanilla/val/carafe/img_43_ry_0.png
4cnn_ry_30_5_no_custom_OP.onnx,/data/metaroom/metaroom_ry_vanilla/val/carafe/img_311_ry_0.png
4cnn_tz_91_15_no_custom_OP.onnx,/data/metaroom/metaroom_tz_vanilla/val/rubber_duck/img_236_tz_0.png
4cnn_tz_91_15_no_custom_OP.onnx,/data/metaroom/metaroom_tz_vanilla/val/rubber_duck/img_485_tz_0.png
4cnn_tz_91_15_no_custom_OP.onnx,/data/metaroom/metaroom_tz_vanilla/val/rubber_duck/img_274_tz_0.png
4cnn_tz_91_15_no_custom_OP.onnx,/data/metaroom/metaroom_tz_vanilla/val/rubber_duck/img_284_tz_0.png
4cnn_tz_91_15_no_custom_OP.onnx,/data/metaroom/metaroom_tz_vanilla/val/rubber_duck/img_161_tz_0.png
4cnn_tz_91_15_no_custom_OP.onnx,/data/metaroom/metaroom_tz_vanilla/val/rubber_duck/img_296_tz_0.png
4cnn_tz_91_15_no_custom_OP.onnx,/data/metaroom/metaroom_tz_vanilla/val/rubber_duck/img_152_tz_0.png
4cnn_tz_91_15_no_custom_OP.onnx,/data/metaroom/metaroom_tz_vanilla/val/rubber_duck/img_473_tz_0.png
4cnn_ry_20_3_no_custom_OP.onnx,/data/metaroom/metaroom_ry_vanilla/val/book/img_410_ry_0.png
4cnn_ry_20_3_no_custom_OP.onnx,/data/metaroom/metaroom_ry_vanilla/val/book/img_378_ry_0.png
4cnn_ry_20_3_no_custom_OP.onnx,/data/metaroom/metaroom_ry_vanilla/val/book/img_368_ry_0.png
4cnn_ry_20_3_no_custom_OP.onnx,/data/metaroom/metaroom_ry_vanilla/val/book/img_375_ry_0.png
4cnn_ry_20_3_no_custom_OP.onnx,/data/metaroom/metaroom_ry_vanilla/val/book/img_361_ry_0.png
4cnn_ry_20_3_no_custom_OP.onnx,/data/metaroom/metaroom_ry_vanilla/val/book/img_301_ry_0.png
4cnn_ry_20_3_no_custom_OP.onnx,/data/metaroom/metaroom_ry_vanilla/val/book/img_127_ry_0.png
6cnn_tz_35_5_no_custom_OP.onnx,/data/metaroom/metaroom_tz_vanilla/val/carafe/img_375_tz_0.png
6cnn_tz_35_5_no_custom_OP.onnx,/data/metaroom/metaroom_tz_vanilla/val/carafe/img_87_tz_0.png
6cnn_tz_35_5_no_custom_OP.onnx,/data/metaroom/metaroom_tz_vanilla/val/carafe/img_386_tz_0.png
6cnn_tz_35_5_no_custom_OP.onnx,/data/metaroom/metaroom_tz_vanilla/val/carafe/img_225_tz_0.png
6cnn_tz_35_5_no_custom_OP.onnx,/data/metaroom/metaroom_tz_vanilla/val/carafe/img_257_tz_0.png
6cnn_tz_35_5_no_custom_OP.onnx,/data/metaroom/metaroom_tz_vanilla/val/carafe/img_315_tz_0.png
6cnn_tz_35_5_no_custom_OP.onnx,/data/metaroom/metaroom_tz_vanilla/val/carafe/img_353_tz_0.png
6cnn_tz_35_5_no_custom_OP.onnx,/data/metaroom/metaroom_tz_vanilla/val/carafe/img_432_tz_0.png
6cnn_tz_35_5_no_custom_OP.onnx,/data/metaroom/metaroom_tz_vanilla/val/carafe/img_285_tz_0.png
6cnn_tz_35_5_no_custom_OP.onnx,/data/metaroom/metaroom_tz_vanilla/val/carafe/img_258_tz_0.png
6cnn_tz_35_5_no_custom_OP.onnx,/data/metaroom/metaroom_tz_vanilla/val/carafe/img_215_tz_0.png
6cnn_tz_35_5_no_custom_OP.onnx,/data/metaroom/metaroom_tz_vanilla/val/carafe/img_146_tz_0.png
4cnn_ry_57_9_no_custom_OP.onnx,/data/metaroom/metaroom_ry_vanilla/val/jam_jar/img_189_ry_0.png
4cnn_ry_57_9_no_custom_OP.onnx,/data/metaroom/metaroom_ry_vanilla/val/jam_jar/img_266_ry_0.png
4cnn_ry_57_9_no_custom_OP.onnx,/data/metaroom/metaroom_ry_vanilla/val/jam_jar/img_213_ry_0.png
4cnn_ry_57_9_no_custom_OP.onnx,/data/metaroom/metaroom_ry_vanilla/val/jam_jar/img_458_ry_0.png
4cnn_ry_57_9_no_custom_OP.onnx,/data/metaroom/metaroom_ry_vanilla/val/jam_jar/img_28_ry_0.png
4cnn_ry_15_2_no_custom_OP.onnx,/data/metaroom/metaroom_ry_vanilla/val/biscuit_box/img_483_ry_0.png
4cnn_ry_15_2_no_custom_OP.onnx,/data/metaroom/metaroom_ry_vanilla/val/biscuit_box/img_60_ry_0.png
4cnn_ry_15_2_no_custom_OP.onnx,/data/metaroom/metaroom_ry_vanilla/val/biscuit_box/img_35_ry_0.png
4cnn_ry_15_2_no_custom_OP.onnx,/data/metaroom/metaroom_ry_vanilla/val/biscuit_box/img_241_ry_0.png
4cnn_ry_15_2_no_custom_OP.onnx,/data/metaroom/metaroom_ry_vanilla/val/biscuit_box/img_298_ry_0.png
4cnn_ry_15_2_no_custom_OP.onnx,/data/metaroom/metaroom_ry_vanilla/val/biscuit_box/img_122_ry_0.png
6cnn_ry_20_3_no_custom_OP.onnx,/data/metaroom/metaroom_ry_vanilla/val/book/img_410_ry_0.png
6cnn_ry_20_3_no_custom_OP.onnx,/data/metaroom/metaroom_ry_vanilla/val/book/img_209_ry_0.png
6cnn_ry_20_3_no_custom_OP.onnx,/data/metaroom/metaroom_ry_vanilla/val/book/img_378_ry_0.png
6cnn_ry_20_3_no_custom_OP.onnx,/data/metaroom/metaroom_ry_vanilla/val/book/img_368_ry_0.png
6cnn_ry_20_3_no_custom_OP.onnx,/data/metaroom/metaroom_ry_vanilla/val/book/img_375_ry_0.png
6cnn_ry_20_3_no_custom_OP.onnx,/data/metaroom/metaroom_ry_vanilla/val/book/img_361_ry_0.png
6cnn_ry_20_3_no_custom_OP.onnx,/data/metaroom/metaroom_ry_vanilla/val/book/img_301_ry_0.png
6cnn_ry_20_3_no_custom_OP.onnx,/data/metaroom/metaroom_ry_vanilla/val/book/img_127_ry_0.png
4cnn_tz_19_3_no_custom_OP.onnx,/data/metaroom/metaroom_tz_vanilla/val/book/img_25_tz_0.png
4cnn_tz_19_3_no_custom_OP.onnx,/data/metaroom/metaroom_tz_vanilla/val/book/img_480_tz_0.png
4cnn_tz_19_3_no_custom_OP.onnx,/data/metaroom/metaroom_tz_vanilla/val/book/img_371_tz_0.png
4cnn_tz_19_3_no_custom_OP.onnx,/data/metaroom/metaroom_tz_vanilla/val/book/img_345_tz_0.png
4cnn_tz_19_3_no_custom_OP.onnx,/data/metaroom/metaroom_tz_vanilla/val/book/img_212_tz_0.png
4cnn_tz_19_3_no_custom_OP.onnx,/data/metaroom/metaroom_tz_vanilla/val/book/img_151_tz_0.png
4cnn_tz_19_3_no_custom_OP.onnx,/data/metaroom/metaroom_tz_vanilla/val/book/img_196_tz_0.png
4cnn_tz_19_3_no_custom_OP.onnx,/data/metaroom/metaroom_tz_vanilla/val/book/img_436_tz_0.png
4cnn_tz_19_3_no_custom_OP.onnx,/data/metaroom/metaroom_tz_vanilla/val/book/img_108_tz_0.png
6cnn_tz_30_5_no_custom_OP.onnx,/data/metaroom/metaroom_tz_vanilla/val/carafe/img_375_tz_0.png
6cnn_tz_30_5_no_custom_OP.onnx,/data/metaroom/metaroom_tz_vanilla/val/carafe/img_87_tz_0.png
6cnn_tz_30_5_no_custom_OP.onnx,/data/metaroom/metaroom_tz_vanilla/val/carafe/img_386_tz_0.png
6cnn_tz_30_5_no_custom_OP.onnx,/data/metaroom/metaroom_tz_vanilla/val/carafe/img_225_tz_0.png
6cnn_tz_30_5_no_custom_OP.onnx,/data/metaroom/metaroom_tz_vanilla/val/carafe/img_257_tz_0.png
6cnn_tz_30_5_no_custom_OP.onnx,/data/metaroom/metaroom_tz_vanilla/val/carafe/img_315_tz_0.png
6cnn_tz_30_5_no_custom_OP.onnx,/data/metaroom/metaroom_tz_vanilla/val/carafe/img_353_tz_0.png
6cnn_tz_30_5_no_custom_OP.onnx,/data/metaroom/metaroom_tz_vanilla/val/carafe/img_432_tz_0.png
6cnn_tz_30_5_no_custom_OP.onnx,/data/metaroom/metaroom_tz_vanilla/val/carafe/img_285_tz_0.png
6cnn_tz_30_5_no_custom_OP.onnx,/data/metaroom/metaroom_tz_vanilla/val/carafe/img_258_tz_0.png
6cnn_tz_30_5_no_custom_OP.onnx,/data/metaroom/metaroom_tz_vanilla/val/carafe/img_215_tz_0.png
6cnn_tz_30_5_no_custom_OP.onnx,/data/metaroom/metaroom_tz_vanilla/val/carafe/img_146_tz_0.png
6cnn_ry_78_13_no_custom_OP.onnx,/data/metaroom/metaroom_ry_vanilla/val/orange/img_417_ry_0.png
6cnn_ry_78_13_no_custom_OP.onnx,/data/metaroom/metaroom_ry_vanilla/val/orange/img_354_ry_0.png
6cnn_ry_78_13_no_custom_OP.onnx,/data/metaroom/metaroom_ry_vanilla/val/orange/img_172_ry_0.png
6cnn_ry_78_13_no_custom_OP.onnx,/data/metaroom/metaroom_ry_vanilla/val/orange/img_382_ry_0.png
6cnn_ry_78_13_no_custom_OP.onnx,/data/metaroom/metaroom_ry_vanilla/val/orange/img_114_ry_0.png
6cnn_ry_78_13_no_custom_OP.onnx,/data/metaroom/metaroom_ry_vanilla/val/orange/img_186_ry_0.png
6cnn_ry_78_13_no_custom_OP.onnx,/data/metaroom/metaroom_ry_vanilla/val/orange/img_219_ry_0.png
6cnn_ry_78_13_no_custom_OP.onnx,/data/metaroom/metaroom_ry_vanilla/val/orange/img_341_ry_0.png
6cnn_ry_78_13_no_custom_OP.onnx,/data/metaroom/metaroom_ry_vanilla/val/orange/img_28_ry_0.png
4cnn_tz_103_17_no_custom_OP.onnx,/data/metaroom/metaroom_tz_vanilla/val/telephone/img_395_tz_0.png
4cnn_tz_103_17_no_custom_OP.onnx,/data/metaroom/metaroom_tz_vanilla/val/telephone/img_226_tz_0.png
4cnn_tz_103_17_no_custom_OP.onnx,/data/metaroom/metaroom_tz_vanilla/val/telephone/img_489_tz_0.png
4cnn_tz_103_17_no_custom_OP.onnx,/data/metaroom/metaroom_tz_vanilla/val/telephone/img_96_tz_0.png
4cnn_tz_103_17_no_custom_OP.onnx,/data/metaroom/metaroom_tz_vanilla/val/telephone/img_229_tz_0.png
4cnn_tz_103_17_no_custom_OP.onnx,/data/metaroom/metaroom_tz_vanilla/val/telephone/img_127_tz_0.png
6cnn_tz_11_1_no_custom_OP.onnx,/data/metaroom/metaroom_tz_vanilla/val/beer_bottle/img_142_tz_0.png
6cnn_tz_11_1_no_custom_OP.onnx,/data/metaroom/metaroom_tz_vanilla/val/beer_bottle/img_350_tz_0.png
6cnn_tz_11_1_no_custom_OP.onnx,/data/metaroom/metaroom_tz_vanilla/val/beer_bottle/img_286_tz_0.png
6cnn_tz_11_1_no_custom_OP.onnx,/data/metaroom/metaroom_tz_vanilla/val/beer_bottle/img_175_tz_0.png
6cnn_tz_11_1_no_custom_OP.onnx,/data/metaroom/metaroom_tz_vanilla/val/beer_bottle/img_42_tz_0.png
6cnn_ry_35_5_no_custom_OP.onnx,/data/metaroom/metaroom_ry_vanilla/val/carafe/img_310_ry_0.png
6cnn_ry_35_5_no_custom_OP.onnx,/data/metaroom/metaroom_ry_vanilla/val/carafe/img_443_ry_0.png
6cnn_ry_35_5_no_custom_OP.onnx,/data/metaroom/metaroom_ry_vanilla/val/carafe/img_354_ry_0.png
6cnn_ry_35_5_no_custom_OP.onnx,/data/metaroom/metaroom_ry_vanilla/val/carafe/img_259_ry_0.png
6cnn_ry_35_5_no_custom_OP.onnx,/data/metaroom/metaroom_ry_vanilla/val/carafe/img_337_ry_0.png
6cnn_ry_35_5_no_custom_OP.onnx,/data/metaroom/metaroom_ry_vanilla/val/carafe/img_469_ry_0.png
6cnn_ry_35_5_no_custom_OP.onnx,/data/metaroom/metaroom_ry_vanilla/val/carafe/img_43_ry_0.png
6cnn_ry_35_5_no_custom_OP.onnx,/data/metaroom/metaroom_ry_vanilla/val/carafe/img_311_ry_0.png
6cnn_tz_66_11_no_custom_OP.onnx,/data/metaroom/metaroom_tz_vanilla/val/monitor/img_208_tz_0.png
6cnn_tz_66_11_no_custom_OP.onnx,/data/metaroom/metaroom_tz_vanilla/val/monitor/img_265_tz_0.png
6cnn_tz_66_11_no_custom_OP.onnx,/data/metaroom/metaroom_tz_vanilla/val/monitor/img_96_tz_0.png
6cnn_tz_66_11_no_custom_OP.onnx,/data/metaroom/metaroom_tz_vanilla/val/monitor/img_205_tz_0.png
6cnn_tz_66_11_no_custom_OP.onnx,/data/metaroom/metaroom_tz_vanilla/val/monitor/img_211_tz_0.png
6cnn_tz_66_11_no_custom_OP.onnx,/data/metaroom/metaroom_tz_vanilla/val/monitor/img_453_tz_0.png
6cnn_tz_66_11_no_custom_OP.onnx,/data/metaroom/metaroom_tz_vanilla/val/monitor/img_465_tz_0.png
6cnn_tz_66_11_no_custom_OP.onnx,/data/metaroom/metaroom_tz_vanilla/val/monitor/img_194_tz_0.png
6cnn_tz_66_11_no_custom_OP.onnx,/data/metaroom/metaroom_tz_vanilla/val/monitor/img_412_tz_0.png
6cnn_tz_66_11_no_custom_OP.onnx,/data/metaroom/metaroom_tz_vanilla/val/monitor/img_314_tz_0.png
6cnn_ry_6_1_no_custom_OP.onnx,/data/metaroom/metaroom_ry_vanilla/val/beer_bottle/img_483_ry_0.png
6cnn_ry_6_1_no_custom_OP.onnx,/data/metaroom/metaroom_ry_vanilla/val/beer_bottle/img_203_ry_0.png
6cnn_ry_6_1_no_custom_OP.onnx,/data/metaroom/metaroom_ry_vanilla/val/beer_bottle/img_91_ry_0.png
6cnn_ry_6_1_no_custom_OP.onnx,/data/metaroom/metaroom_ry_vanilla/val/beer_bottle/img_347_ry_0.png
6cnn_ry_6_1_no_custom_OP.onnx,/data/metaroom/metaroom_ry_vanilla/val/beer_bottle/img_63_ry_0.png
6cnn_ry_6_1_no_custom_OP.onnx,/data/metaroom/metaroom_ry_vanilla/val/beer_bottle/img_28_ry_0.png
6cnn_ry_6_1_no_custom_OP.onnx,/data/metaroom/metaroom_ry_vanilla/val/beer_bottle/img_457_ry_0.png
6cnn_ry_6_1_no_custom_OP.onnx,/data/metaroom/metaroom_ry_vanilla/val/beer_bottle/img_326_ry_0.png
6cnn_ry_6_1_no_custom_OP.onnx,/data/metaroom/metaroom_ry_vanilla/val/beer_bottle/img_175_ry_0.png
6cnn_ry_114_19_no_custom_OP.onnx,/data/metaroom/metaroom_ry_vanilla/val/wine_glass/img_27_ry_0.png
6cnn_ry_114_19_no_custom_OP.onnx,/data/metaroom/metaroom_ry_vanilla/val/wine_glass/img_158_ry_0.png
6cnn_ry_114_19_no_custom_OP.onnx,/data/metaroom/metaroom_ry_vanilla/val/wine_glass/img_320_ry_0.png
6cnn_ry_114_19_no_custom_OP.onnx,/data/metaroom/metaroom_ry_vanilla/val/wine_glass/img_113_ry_0.png
6cnn_ry_114_19_no_custom_OP.onnx,/data/metaroom/metaroom_ry_vanilla/val/wine_glass/img_446_ry_0.png
6cnn_ry_114_19_no_custom_OP.onnx,/data/metaroom/metaroom_ry_vanilla/val/wine_glass/img_43_ry_0.png
6cnn_ry_114_19_no_custom_OP.onnx,/data/metaroom/metaroom_ry_vanilla/val/wine_glass/img_59_ry_0.png
6cnn_ry_114_19_no_custom_OP.onnx,/data/metaroom/metaroom_ry_vanilla/val/wine_glass/img_235_ry_0.png
6cnn_tz_118_19_no_custom_OP.onnx,/data/metaroom/metaroom_tz_vanilla/val/wine_glass/img_224_tz_0.png
6cnn_tz_118_19_no_custom_OP.onnx,/data/metaroom/metaroom_tz_vanilla/val/wine_glass/img_445_tz_0.png
6cnn_tz_118_19_no_custom_OP.onnx,/data/metaroom/metaroom_tz_vanilla/val/wine_glass/img_174_tz_0.png
6cnn_tz_118_19_no_custom_OP.onnx,/data/metaroom/metaroom_tz_vanilla/val/wine_glass/img_161_tz_0.png
6cnn_tz_118_19_no_custom_OP.onnx,/data/metaroom/metaroom_tz_vanilla/val/wine_glass/img_114_tz_0.png
6cnn_tz_118_19_no_custom_OP.onnx,/data/metaroom/metaroom_tz_vanilla/val/wine_glass/img_226_tz_0.png
6cnn_tz_118_19_no_custom_OP.onnx,/data/metaroom/metaroom_tz_vanilla/val/wine_glass/img_389_tz_0.png
6cnn_tz_118_19_no_custom_OP.onnx,/data/metaroom/metaroom_tz_vanilla/val/wine_glass/img_451_tz_0.png
6cnn_tz_118_19_no_custom_OP.onnx,/data/metaroom/metaroom_tz_vanilla/val/wine_glass/img_344_tz_0.png
6cnn_tz_118_19_no_custom_OP.onnx,/data/metaroom/metaroom_tz_vanilla/val/wine_glass/img_229_tz_0.png
4cnn_tz_5_0_no_custom_OP.onnx,/data/metaroom/metaroom_tz_vanilla/val/apple/img_32_tz_0.png
4cnn_tz_5_0_no_custom_OP.onnx,/data/metaroom/metaroom_tz_vanilla/val/apple/img_6_tz_0.png
4cnn_tz_5_0_no_custom_OP.onnx,/data/metaroom/metaroom_tz_vanilla/val/apple/img_5_tz_0.png
4cnn_tz_5_0_no_custom_OP.onnx,/data/metaroom/metaroom_tz_vanilla/val/apple/img_471_tz_0.png
4cnn_tz_5_0_no_custom_OP.onnx,/data/metaroom/metaroom_tz_vanilla/val/apple/img_133_tz_0.png
4cnn_tz_5_0_no_custom_OP.onnx,/data/metaroom/metaroom_tz_vanilla/val/apple/img_211_tz_0.png
4cnn_tz_5_0_no_custom_OP.onnx,/data/metaroom/metaroom_tz_vanilla/val/apple/img_158_tz_0.png
6cnn_tz_67_11_no_custom_OP.onnx,/data/metaroom/metaroom_tz_vanilla/val/monitor/img_208_tz_0.png
6cnn_tz_67_11_no_custom_OP.onnx,/data/metaroom/metaroom_tz_vanilla/val/monitor/img_265_tz_0.png
6cnn_tz_67_11_no_custom_OP.onnx,/data/metaroom/metaroom_tz_vanilla/val/monitor/img_96_tz_0.png
6cnn_tz_67_11_no_custom_OP.onnx,/data/metaroom/metaroom_tz_vanilla/val/monitor/img_205_tz_0.png
6cnn_tz_67_11_no_custom_OP.onnx,/data/metaroom/metaroom_tz_vanilla/val/monitor/img_211_tz_0.png
6cnn_tz_67_11_no_custom_OP.onnx,/data/metaroom/metaroom_tz_vanilla/val/monitor/img_453_tz_0.png
6cnn_tz_67_11_no_custom_OP.onnx,/data/metaroom/metaroom_tz_vanilla/val/monitor/img_465_tz_0.png
6cnn_tz_67_11_no_custom_OP.onnx,/data/metaroom/metaroom_tz_vanilla/val/monitor/img_194_tz_0.png
6cnn_tz_67_11_no_custom_OP.onnx,/data/metaroom/metaroom_tz_vanilla/val/monitor/img_412_tz_0.png
6cnn_tz_67_11_no_custom_OP.onnx,/data/metaroom/metaroom_tz_vanilla/val/monitor/img_314_tz_0.png
6cnn_ry_118_19_no_custom_OP.onnx,/data/metaroom/metaroom_ry_vanilla/val/wine_glass/img_27_ry_0.png
6cnn_ry_118_19_no_custom_OP.onnx,/data/metaroom/metaroom_ry_vanilla/val/wine_glass/img_158_ry_0.png
6cnn_ry_118_19_no_custom_OP.onnx,/data/metaroom/metaroom_ry_vanilla/val/wine_glass/img_320_ry_0.png
6cnn_ry_118_19_no_custom_OP.onnx,/data/metaroom/metaroom_ry_vanilla/val/wine_glass/img_113_ry_0.png
6cnn_ry_118_19_no_custom_OP.onnx,/data/metaroom/metaroom_ry_vanilla/val/wine_glass/img_446_ry_0.png
6cnn_ry_118_19_no_custom_OP.onnx,/data/metaroom/metaroom_ry_vanilla/val/wine_glass/img_43_ry_0.png
6cnn_ry_118_19_no_custom_OP.onnx,/data/metaroom/metaroom_ry_vanilla/val/wine_glass/img_59_ry_0.png
6cnn_ry_118_19_no_custom_OP.onnx,/data/metaroom/metaroom_ry_vanilla/val/wine_glass/img_235_ry_0.png
6cnn_tz_52_8_no_custom_OP.onnx,/data/metaroom/metaroom_tz_vanilla/val/honey_jar/img_135_tz_0.png
6cnn_tz_52_8_no_custom_OP.onnx,/data/metaroom/metaroom_tz_vanilla/val/honey_jar/img_359_tz_0.png
6cnn_tz_52_8_no_custom_OP.onnx,/data/metaroom/metaroom_tz_vanilla/val/honey_jar/img_268_tz_0.png
6cnn_tz_52_8_no_custom_OP.onnx,/data/metaroom/metaroom_tz_vanilla/val/honey_jar/img_448_tz_0.png
6cnn_tz_52_8_no_custom_OP.onnx,/data/metaroom/metaroom_tz_vanilla/val/honey_jar/img_207_tz_0.png
6cnn_tz_52_8_no_custom_OP.onnx,/data/metaroom/metaroom_tz_vanilla/val/honey_jar/img_456_tz_0.png
6cnn_tz_52_8_no_custom_OP.onnx,/data/metaroom/metaroom_tz_vanilla/val/honey_jar/img_7_tz_0.png
6cnn_tz_52_8_no_custom_OP.onnx,/data/metaroom/metaroom_tz_vanilla/val/honey_jar/img_197_tz_0.png
6cnn_tz_94_15_no_custom_OP.onnx,/data/metaroom/metaroom_tz_vanilla/val/rubber_duck/img_236_tz_0.png
6cnn_tz_94_15_no_custom_OP.onnx,/data/metaroom/metaroom_tz_vanilla/val/rubber_duck/img_485_tz_0.png
6cnn_tz_94_15_no_custom_OP.onnx,/data/metaroom/metaroom_tz_vanilla/val/rubber_duck/img_284_tz_0.png
6cnn_tz_94_15_no_custom_OP.onnx,/data/metaroom/metaroom_tz_vanilla/val/rubber_duck/img_161_tz_0.png
6cnn_tz_94_15_no_custom_OP.onnx,/data/metaroom/metaroom_tz_vanilla/val/rubber_duck/img_152_tz_0.png
6cnn_tz_94_15_no_custom_OP.onnx,/data/metaroom/metaroom_tz_vanilla/val/rubber_duck/img_473_tz_0.png
6cnn_tz_91_15_no_custom_OP.onnx,/data/metaroom/metaroom_tz_vanilla/val/rubber_duck/img_236_tz_0.png
6cnn_tz_91_15_no_custom_OP.onnx,/data/metaroom/metaroom_tz_vanilla/val/rubber_duck/img_485_tz_0.png
6cnn_tz_91_15_no_custom_OP.onnx,/data/metaroom/metaroom_tz_vanilla/val/rubber_duck/img_284_tz_0.png
6cnn_tz_91_15_no_custom_OP.onnx,/data/metaroom/metaroom_tz_vanilla/val/rubber_duck/img_161_tz_0.png
6cnn_tz_91_15_no_custom_OP.onnx,/data/metaroom/metaroom_tz_vanilla/val/rubber_duck/img_152_tz_0.png
6cnn_tz_91_15_no_custom_OP.onnx,/data/metaroom/metaroom_tz_vanilla/val/rubber_duck/img_473_tz_0.png
6cnn_ry_30_5_no_custom_OP.onnx,/data/metaroom/metaroom_ry_vanilla/val/carafe/img_310_ry_0.png
6cnn_ry_30_5_no_custom_OP.onnx,/data/metaroom/metaroom_ry_vanilla/val/carafe/img_443_ry_0.png
6cnn_ry_30_5_no_custom_OP.onnx,/data/metaroom/metaroom_ry_vanilla/val/carafe/img_354_ry_0.png
6cnn_ry_30_5_no_custom_OP.onnx,/data/metaroom/metaroom_ry_vanilla/val/carafe/img_259_ry_0.png
6cnn_ry_30_5_no_custom_OP.onnx,/data/metaroom/metaroom_ry_vanilla/val/carafe/img_337_ry_0.png
6cnn_ry_30_5_no_custom_OP.onnx,/data/metaroom/metaroom_ry_vanilla/val/carafe/img_469_ry_0.png
6cnn_ry_30_5_no_custom_OP.onnx,/data/metaroom/metaroom_ry_vanilla/val/carafe/img_43_ry_0.png
6cnn_ry_30_5_no_custom_OP.onnx,/data/metaroom/metaroom_ry_vanilla/val/carafe/img_311_ry_0.png
6cnn_ry_48_8_no_custom_OP.onnx,/data/metaroom/metaroom_ry_vanilla/val/honey_jar/img_258_ry_0.png
6cnn_ry_48_8_no_custom_OP.onnx,/data/metaroom/metaroom_ry_vanilla/val/honey_jar/img_417_ry_0.png
6cnn_ry_48_8_no_custom_OP.onnx,/data/metaroom/metaroom_ry_vanilla/val/honey_jar/img_71_ry_0.png
6cnn_ry_48_8_no_custom_OP.onnx,/data/metaroom/metaroom_ry_vanilla/val/honey_jar/img_51_ry_0.png
6cnn_ry_48_8_no_custom_OP.onnx,/data/metaroom/metaroom_ry_vanilla/val/honey_jar/img_305_ry_0.png
6cnn_ry_48_8_no_custom_OP.onnx,/data/metaroom/metaroom_ry_vanilla/val/honey_jar/img_254_ry_0.png
6cnn_ry_40_6_no_custom_OP.onnx,/data/metaroom/metaroom_ry_vanilla/val/cereal_box/img_194_ry_0.png
6cnn_ry_40_6_no_custom_OP.onnx,/data/metaroom/metaroom_ry_vanilla/val/cereal_box/img_358_ry_0.png
6cnn_ry_40_6_no_custom_OP.onnx,/data/metaroom/metaroom_ry_vanilla/val/cereal_box/img_451_ry_0.png
6cnn_ry_40_6_no_custom_OP.onnx,/data/metaroom/metaroom_ry_vanilla/val/cereal_box/img_135_ry_0.png
6cnn_ry_9_1_no_custom_OP.onnx,/data/metaroom/metaroom_ry_vanilla/val/beer_bottle/img_483_ry_0.png
6cnn_ry_9_1_no_custom_OP.onnx,/data/metaroom/metaroom_ry_vanilla/val/beer_bottle/img_203_ry_0.png
6cnn_ry_9_1_no_custom_OP.onnx,/data/metaroom/metaroom_ry_vanilla/val/beer_bottle/img_91_ry_0.png
6cnn_ry_9_1_no_custom_OP.onnx,/data/metaroom/metaroom_ry_vanilla/val/beer_bottle/img_347_ry_0.png
6cnn_ry_9_1_no_custom_OP.onnx,/data/metaroom/metaroom_ry_vanilla/val/beer_bottle/img_63_ry_0.png
6cnn_ry_9_1_no_custom_OP.onnx,/data/metaroom/metaroom_ry_vanilla/val/beer_bottle/img_28_ry_0.png
6cnn_ry_9_1_no_custom_OP.onnx,/data/metaroom/metaroom_ry_vanilla/val/beer_bottle/img_457_ry_0.png
6cnn_ry_9_1_no_custom_OP.onnx,/data/metaroom/metaroom_ry_vanilla/val/beer_bottle/img_326_ry_0.png
6cnn_ry_9_1_no_custom_OP.onnx,/data/metaroom/metaroom_ry_vanilla/val/beer_bottle/img_175_ry_0.png
6cnn_tz_55_9_no_custom_OP.onnx,/data/metaroom/metaroom_tz_vanilla/val/jam_jar/img_375_tz_0.png
6cnn_tz_55_9_no_custom_OP.onnx,/data/metaroom/metaroom_tz_vanilla/val/jam_jar/img_179_tz_0.png
6cnn_tz_55_9_no_custom_OP.onnx,/data/metaroom/metaroom_tz_vanilla/val/jam_jar/img_85_tz_0.png
6cnn_tz_55_9_no_custom_OP.onnx,/data/metaroom/metaroom_tz_vanilla/val/jam_jar/img_263_tz_0.png
6cnn_tz_55_9_no_custom_OP.onnx,/data/metaroom/metaroom_tz_vanilla/val/jam_jar/img_442_tz_0.png
6cnn_tz_55_9_no_custom_OP.onnx,/data/metaroom/metaroom_tz_vanilla/val/jam_jar/img_384_tz_0.png
6cnn_tz_55_9_no_custom_OP.onnx,/data/metaroom/metaroom_tz_vanilla/val/jam_jar/img_38_tz_0.png
4cnn_tz_7_1_no_custom_OP.onnx,/data/metaroom/metaroom_tz_vanilla/val/beer_bottle/img_142_tz_0.png
4cnn_tz_7_1_no_custom_OP.onnx,/data/metaroom/metaroom_tz_vanilla/val/beer_bottle/img_286_tz_0.png
4cnn_tz_39_6_no_custom_OP.onnx,/data/metaroom/metaroom_tz_vanilla/val/cereal_box/img_313_tz_0.png
4cnn_tz_39_6_no_custom_OP.onnx,/data/metaroom/metaroom_tz_vanilla/val/cereal_box/img_219_tz_0.png
4cnn_tz_39_6_no_custom_OP.onnx,/data/metaroom/metaroom_tz_vanilla/val/cereal_box/img_310_tz_0.png
4cnn_tz_39_6_no_custom_OP.onnx,/data/metaroom/metaroom_tz_vanilla/val/cereal_box/img_232_tz_0.png
4cnn_tz_39_6_no_custom_OP.onnx,/data/metaroom/metaroom_tz_vanilla/val/cereal_box/img_107_tz_0.png
4cnn_tz_39_6_no_custom_OP.onnx,/data/metaroom/metaroom_tz_vanilla/val/cereal_box/img_421_tz_0.png
4cnn_tz_39_6_no_custom_OP.onnx,/data/metaroom/metaroom_tz_vanilla/val/cereal_box/img_394_tz_0.png
6cnn_tz_18_3_no_custom_OP.onnx,/data/metaroom/metaroom_tz_vanilla/val/book/img_25_tz_0.png
6cnn_tz_18_3_no_custom_OP.onnx,/data/metaroom/metaroom_tz_vanilla/val/book/img_116_tz_0.png
6cnn_tz_18_3_no_custom_OP.onnx,/data/metaroom/metaroom_tz_vanilla/val/book/img_480_tz_0.png
6cnn_tz_18_3_no_custom_OP.onnx,/data/metaroom/metaroom_tz_vanilla/val/book/img_371_tz_0.png
6cnn_tz_18_3_no_custom_OP.onnx,/data/metaroom/metaroom_tz_vanilla/val/book/img_345_tz_0.png
6cnn_tz_18_3_no_custom_OP.onnx,/data/metaroom/metaroom_tz_vanilla/val/book/img_212_tz_0.png
6cnn_tz_18_3_no_custom_OP.onnx,/data/metaroom/metaroom_tz_vanilla/val/book/img_151_tz_0.png
6cnn_tz_18_3_no_custom_OP.onnx,/data/metaroom/metaroom_tz_vanilla/val/book/img_248_tz_0.png
6cnn_tz_18_3_no_custom_OP.onnx,/data/metaroom/metaroom_tz_vanilla/val/book/img_196_tz_0.png
6cnn_tz_18_3_no_custom_OP.onnx,/data/metaroom/metaroom_tz_vanilla/val/book/img_462_tz_0.png
6cnn_tz_18_3_no_custom_OP.onnx,/data/metaroom/metaroom_tz_vanilla/val/book/img_436_tz_0.png
6cnn_tz_18_3_no_custom_OP.onnx,/data/metaroom/metaroom_tz_vanilla/val/book/img_108_tz_0.png
6cnn_tz_18_3_no_custom_OP.onnx,/data/metaroom/metaroom_tz_vanilla/val/book/img_295_tz_0.png
4cnn_tz_37_6_no_custom_OP.onnx,/data/metaroom/metaroom_tz_vanilla/val/cereal_box/img_313_tz_0.png
4cnn_tz_37_6_no_custom_OP.onnx,/data/metaroom/metaroom_tz_vanilla/val/cereal_box/img_219_tz_0.png
4cnn_tz_37_6_no_custom_OP.onnx,/data/metaroom/metaroom_tz_vanilla/val/cereal_box/img_310_tz_0.png
4cnn_tz_37_6_no_custom_OP.onnx,/data/metaroom/metaroom_tz_vanilla/val/cereal_box/img_232_tz_0.png
4cnn_tz_37_6_no_custom_OP.onnx,/data/metaroom/metaroom_tz_vanilla/val/cereal_box/img_107_tz_0.png
4cnn_tz_37_6_no_custom_OP.onnx,/data/metaroom/metaroom_tz_vanilla/val/cereal_box/img_421_tz_0.png
4cnn_tz_37_6_no_custom_OP.onnx,/data/metaroom/metaroom_tz_vanilla/val/cereal_box/img_394_tz_0.png
4cnn_tz_33_5_no_custom_OP.onnx,/data/metaroom/metaroom_tz_vanilla/val/carafe/img_375_tz_0.png
4cnn_tz_33_5_no_custom_OP.onnx,/data/metaroom/metaroom_tz_vanilla/val/carafe/img_87_tz_0.png
4cnn_tz_33_5_no_custom_OP.onnx,/data/metaroom/metaroom_tz_vanilla/val/carafe/img_386_tz_0.png
4cnn_tz_33_5_no_custom_OP.onnx,/data/metaroom/metaroom_tz_vanilla/val/carafe/img_225_tz_0.png
4cnn_tz_33_5_no_custom_OP.onnx,/data/metaroom/metaroom_tz_vanilla/val/carafe/img_257_tz_0.png
4cnn_tz_33_5_no_custom_OP.onnx,/data/metaroom/metaroom_tz_vanilla/val/carafe/img_315_tz_0.png
4cnn_tz_33_5_no_custom_OP.onnx,/data/metaroom/metaroom_tz_vanilla/val/carafe/img_353_tz_0.png
4cnn_tz_33_5_no_custom_OP.onnx,/data/metaroom/metaroom_tz_vanilla/val/carafe/img_432_tz_0.png
4cnn_tz_33_5_no_custom_OP.onnx,/data/metaroom/metaroom_tz_vanilla/val/carafe/img_285_tz_0.png
4cnn_tz_33_5_no_custom_OP.onnx,/data/metaroom/metaroom_tz_vanilla/val/carafe/img_258_tz_0.png
4cnn_tz_33_5_no_custom_OP.onnx,/data/metaroom/metaroom_tz_vanilla/val/carafe/img_215_tz_0.png
4cnn_tz_33_5_no_custom_OP.onnx,/data/metaroom/metaroom_tz_vanilla/val/carafe/img_146_tz_0.png
4cnn_tz_0_0_no_custom_OP.onnx,/data/metaroom/metaroom_tz_vanilla/val/apple/img_32_tz_0.png
4cnn_tz_0_0_no_custom_OP.onnx,/data/metaroom/metaroom_tz_vanilla/val/apple/img_6_tz_0.png
4cnn_tz_0_0_no_custom_OP.onnx,/data/metaroom/metaroom_tz_vanilla/val/apple/img_5_tz_0.png
4cnn_tz_0_0_no_custom_OP.onnx,/data/metaroom/metaroom_tz_vanilla/val/apple/img_471_tz_0.png
4cnn_tz_0_0_no_custom_OP.onnx,/data/metaroom/metaroom_tz_vanilla/val/apple/img_133_tz_0.png
4cnn_tz_0_0_no_custom_OP.onnx,/data/metaroom/metaroom_tz_vanilla/val/apple/img_211_tz_0.png
4cnn_tz_0_0_no_custom_OP.onnx,/data/metaroom/metaroom_tz_vanilla/val/apple/img_158_tz_0.png
6cnn_ry_94_15_no_custom_OP.onnx,/data/metaroom/metaroom_ry_vanilla/val/rubber_duck/img_408_ry_0.png
6cnn_ry_94_15_no_custom_OP.onnx,/data/metaroom/metaroom_ry_vanilla/val/rubber_duck/img_84_ry_0.png
6cnn_ry_94_15_no_custom_OP.onnx,/data/metaroom/metaroom_ry_vanilla/val/rubber_duck/img_263_ry_0.png
6cnn_ry_94_15_no_custom_OP.onnx,/data/metaroom/metaroom_ry_vanilla/val/rubber_duck/img_389_ry_0.png
6cnn_ry_94_15_no_custom_OP.onnx,/data/metaroom/metaroom_ry_vanilla/val/rubber_duck/img_232_ry_0.png
6cnn_ry_94_15_no_custom_OP.onnx,/data/metaroom/metaroom_ry_vanilla/val/rubber_duck/img_448_ry_0.png
6cnn_ry_94_15_no_custom_OP.onnx,/data/metaroom/metaroom_ry_vanilla/val/rubber_duck/img_492_ry_0.png
6cnn_ry_94_15_no_custom_OP.onnx,/data/metaroom/metaroom_ry_vanilla/val/rubber_duck/img_435_ry_0.png
4cnn_tz_8_1_no_custom_OP.onnx,/data/metaroom/metaroom_tz_vanilla/val/beer_bottle/img_142_tz_0.png
4cnn_tz_8_1_no_custom_OP.onnx,/data/metaroom/metaroom_tz_vanilla/val/beer_bottle/img_286_tz_0.png
6cnn_tz_102_17_no_custom_OP.onnx,/data/metaroom/metaroom_tz_vanilla/val/telephone/img_489_tz_0.png
6cnn_tz_102_17_no_custom_OP.onnx,/data/metaroom/metaroom_tz_vanilla/val/telephone/img_96_tz_0.png
6cnn_tz_102_17_no_custom_OP.onnx,/data/metaroom/metaroom_tz_vanilla/val/telephone/img_154_tz_0.png
6cnn_tz_102_17_no_custom_OP.onnx,/data/metaroom/metaroom_tz_vanilla/val/telephone/img_277_tz_0.png
6cnn_tz_102_17_no_custom_OP.onnx,/data/metaroom/metaroom_tz_vanilla/val/telephone/img_229_tz_0.png
6cnn_tz_102_17_no_custom_OP.onnx,/data/metaroom/metaroom_tz_vanilla/val/telephone/img_127_tz_0.png
6cnn_tz_70_11_no_custom_OP.onnx,/data/metaroom/metaroom_tz_vanilla/val/monitor/img_208_tz_0.png
6cnn_tz_70_11_no_custom_OP.onnx,/data/metaroom/metaroom_tz_vanilla/val/monitor/img_265_tz_0.png
6cnn_tz_70_11_no_custom_OP.onnx,/data/metaroom/metaroom_tz_vanilla/val/monitor/img_96_tz_0.png
6cnn_tz_70_11_no_custom_OP.onnx,/data/metaroom/metaroom_tz_vanilla/val/monitor/img_205_tz_0.png
6cnn_tz_70_11_no_custom_OP.onnx,/data/metaroom/metaroom_tz_vanilla/val/monitor/img_211_tz_0.png
6cnn_tz_70_11_no_custom_OP.onnx,/data/metaroom/metaroom_tz_vanilla/val/monitor/img_453_tz_0.png
6cnn_tz_70_11_no_custom_OP.onnx,/data/metaroom/metaroom_tz_vanilla/val/monitor/img_465_tz_0.png
6cnn_tz_70_11_no_custom_OP.onnx,/data/metaroom/metaroom_tz_vanilla/val/monitor/img_194_tz_0.png
6cnn_tz_70_11_no_custom_OP.onnx,/data/metaroom/metaroom_tz_vanilla/val/monitor/img_412_tz_0.png
6cnn_tz_70_11_no_custom_OP.onnx,/data/metaroom/metaroom_tz_vanilla/val/monitor/img_314_tz_0.png
6cnn_ry_91_15_no_custom_OP.onnx,/data/metaroom/metaroom_ry_vanilla/val/rubber_duck/img_408_ry_0.png
6cnn_ry_91_15_no_custom_OP.onnx,/data/metaroom/metaroom_ry_vanilla/val/rubber_duck/img_84_ry_0.png
6cnn_ry_91_15_no_custom_OP.onnx,/data/metaroom/metaroom_ry_vanilla/val/rubber_duck/img_263_ry_0.png
6cnn_ry_91_15_no_custom_OP.onnx,/data/metaroom/metaroom_ry_vanilla/val/rubber_duck/img_389_ry_0.png
6cnn_ry_91_15_no_custom_OP.onnx,/data/metaroom/metaroom_ry_vanilla/val/rubber_duck/img_232_ry_0.png
6cnn_ry_91_15_no_custom_OP.onnx,/data/metaroom/metaroom_ry_vanilla/val/rubber_duck/img_448_ry_0.png
6cnn_ry_91_15_no_custom_OP.onnx,/data/metaroom/metaroom_ry_vanilla/val/rubber_duck/img_492_ry_0.png
6cnn_ry_91_15_no_custom_OP.onnx,/data/metaroom/metaroom_ry_vanilla/val/rubber_duck/img_435_ry_0.png
6cnn_tz_15_2_no_custom_OP.onnx,/data/metaroom/metaroom_tz_vanilla/val/biscuit_box/img_150_tz_0.png
6cnn_tz_15_2_no_custom_OP.onnx,/data/metaroom/metaroom_tz_vanilla/val/biscuit_box/img_147_tz_0.png
6cnn_tz_15_2_no_custom_OP.onnx,/data/metaroom/metaroom_tz_vanilla/val/biscuit_box/img_222_tz_0.png
6cnn_tz_15_2_no_custom_OP.onnx,/data/metaroom/metaroom_tz_vanilla/val/biscuit_box/img_396_tz_0.png
6cnn_tz_15_2_no_custom_OP.onnx,/data/metaroom/metaroom_tz_vanilla/val/biscuit_box/img_442_tz_0.png
6cnn_tz_15_2_no_custom_OP.onnx,/data/metaroom/metaroom_tz_vanilla/val/biscuit_box/img_380_tz_0.png
6cnn_tz_15_2_no_custom_OP.onnx,/data/metaroom/metaroom_tz_vanilla/val/biscuit_box/img_425_tz_0.png
6cnn_tz_15_2_no_custom_OP.onnx,/data/metaroom/metaroom_tz_vanilla/val/biscuit_box/img_46_tz_0.png
6cnn_tz_15_2_no_custom_OP.onnx,/data/metaroom/metaroom_tz_vanilla/val/biscuit_box/img_55_tz_0.png
6cnn_tz_15_2_no_custom_OP.onnx,/data/metaroom/metaroom_tz_vanilla/val/biscuit_box/img_188_tz_0.png
6cnn_ry_80_13_no_custom_OP.onnx,/data/metaroom/metaroom_ry_vanilla/val/orange/img_417_ry_0.png
6cnn_ry_80_13_no_custom_OP.onnx,/data/metaroom/metaroom_ry_vanilla/val/orange/img_354_ry_0.png
6cnn_ry_80_13_no_custom_OP.onnx,/data/metaroom/metaroom_ry_vanilla/val/orange/img_172_ry_0.png
6cnn_ry_80_13_no_custom_OP.onnx,/data/metaroom/metaroom_ry_vanilla/val/orange/img_382_ry_0.png
6cnn_ry_80_13_no_custom_OP.onnx,/data/metaroom/metaroom_ry_vanilla/val/orange/img_114_ry_0.png
6cnn_ry_80_13_no_custom_OP.onnx,/data/metaroom/metaroom_ry_vanilla/val/orange/img_186_ry_0.png
6cnn_ry_80_13_no_custom_OP.onnx,/data/metaroom/metaroom_ry_vanilla/val/orange/img_219_ry_0.png
6cnn_ry_80_13_no_custom_OP.onnx,/data/metaroom/metaroom_ry_vanilla/val/orange/img_341_ry_0.png
6cnn_ry_80_13_no_custom_OP.onnx,/data/metaroom/metaroom_ry_vanilla/val/orange/img_28_ry_0.png
6cnn_ry_105_17_no_custom_OP.onnx,/data/metaroom/metaroom_ry_vanilla/val/telephone/img_429_ry_0.png
6cnn_ry_105_17_no_custom_OP.onnx,/data/metaroom/metaroom_ry_vanilla/val/telephone/img_328_ry_0.png
6cnn_ry_105_17_no_custom_OP.onnx,/data/metaroom/metaroom_ry_vanilla/val/telephone/img_279_ry_0.png
6cnn_ry_105_17_no_custom_OP.onnx,/data/metaroom/metaroom_ry_vanilla/val/telephone/img_191_ry_0.png
6cnn_ry_105_17_no_custom_OP.onnx,/data/metaroom/metaroom_ry_vanilla/val/telephone/img_247_ry_0.png
6cnn_ry_105_17_no_custom_OP.onnx,/data/metaroom/metaroom_ry_vanilla/val/telephone/img_356_ry_0.png
6cnn_ry_105_17_no_custom_OP.onnx,/data/metaroom/metaroom_ry_vanilla/val/telephone/img_161_ry_0.png
6cnn_ry_105_17_no_custom_OP.onnx,/data/metaroom/metaroom_ry_vanilla/val/telephone/img_449_ry_0.png
6cnn_ry_68_11_no_custom_OP.onnx,/data/metaroom/metaroom_ry_vanilla/val/monitor/img_408_ry_0.png
6cnn_ry_68_11_no_custom_OP.onnx,/data/metaroom/metaroom_ry_vanilla/val/monitor/img_189_ry_0.png
6cnn_ry_68_11_no_custom_OP.onnx,/data/metaroom/metaroom_ry_vanilla/val/monitor/img_27_ry_0.png
6cnn_ry_68_11_no_custom_OP.onnx,/data/metaroom/metaroom_ry_vanilla/val/monitor/img_317_ry_0.png
6cnn_ry_68_11_no_custom_OP.onnx,/data/metaroom/metaroom_ry_vanilla/val/monitor/img_353_ry_0.png
6cnn_ry_68_11_no_custom_OP.onnx,/data/metaroom/metaroom_ry_vanilla/val/monitor/img_251_ry_0.png
6cnn_ry_68_11_no_custom_OP.onnx,/data/metaroom/metaroom_ry_vanilla/val/monitor/img_114_ry_0.png
6cnn_ry_68_11_no_custom_OP.onnx,/data/metaroom/metaroom_ry_vanilla/val/monitor/img_409_ry_0.png
6cnn_ry_68_11_no_custom_OP.onnx,/data/metaroom/metaroom_ry_vanilla/val/monitor/img_68_ry_0.png
6cnn_ry_10_1_no_custom_OP.onnx,/data/metaroom/metaroom_ry_vanilla/val/beer_bottle/img_483_ry_0.png
6cnn_ry_10_1_no_custom_OP.onnx,/data/metaroom/metaroom_ry_vanilla/val/beer_bottle/img_203_ry_0.png
6cnn_ry_10_1_no_custom_OP.onnx,/data/metaroom/metaroom_ry_vanilla/val/beer_bottle/img_91_ry_0.png
6cnn_ry_10_1_no_custom_OP.onnx,/data/metaroom/metaroom_ry_vanilla/val/beer_bottle/img_347_ry_0.png
6cnn_ry_10_1_no_custom_OP.onnx,/data/metaroom/metaroom_ry_vanilla/val/beer_bottle/img_63_ry_0.png
6cnn_ry_10_1_no_custom_OP.onnx,/data/metaroom/metaroom_ry_vanilla/val/beer_bottle/img_28_ry_0.png
6cnn_ry_10_1_no_custom_OP.onnx,/data/metaroom/metaroom_ry_vanilla/val/beer_bottle/img_457_ry_0.png
6cnn_ry_10_1_no_custom_OP.onnx,/data/metaroom/metaroom_ry_vanilla/val/beer_bottle/img_326_ry_0.png
6cnn_ry_10_1_no_custom_OP.onnx,/data/metaroom/metaroom_ry_vanilla/val/beer_bottle/img_175_ry_0.png
6cnn_tz_93_15_no_custom_OP.onnx,/data/metaroom/metaroom_tz_vanilla/val/rubber_duck/img_236_tz_0.png
6cnn_tz_93_15_no_custom_OP.onnx,/data/metaroom/metaroom_tz_vanilla/val/rubber_duck/img_485_tz_0.png
6cnn_tz_93_15_no_custom_OP.onnx,/data/metaroom/metaroom_tz_vanilla/val/rubber_duck/img_284_tz_0.png
6cnn_tz_93_15_no_custom_OP.onnx,/data/metaroom/metaroom_tz_vanilla/val/rubber_duck/img_161_tz_0.png
6cnn_tz_93_15_no_custom_OP.onnx,/data/metaroom/metaroom_tz_vanilla/val/rubber_duck/img_152_tz_0.png
6cnn_tz_93_15_no_custom_OP.onnx,/data/metaroom/metaroom_tz_vanilla/val/rubber_duck/img_473_tz_0.png
6cnn_tz_54_9_no_custom_OP.onnx,/data/metaroom/metaroom_tz_vanilla/val/jam_jar/img_375_tz_0.png
6cnn_tz_54_9_no_custom_OP.onnx,/data/metaroom/metaroom_tz_vanilla/val/jam_jar/img_179_tz_0.png
6cnn_tz_54_9_no_custom_OP.onnx,/data/metaroom/metaroom_tz_vanilla/val/jam_jar/img_85_tz_0.png
6cnn_tz_54_9_no_custom_OP.onnx,/data/metaroom/metaroom_tz_vanilla/val/jam_jar/img_263_tz_0.png
6cnn_tz_54_9_no_custom_OP.onnx,/data/metaroom/metaroom_tz_vanilla/val/jam_jar/img_442_tz_0.png
6cnn_tz_54_9_no_custom_OP.onnx,/data/metaroom/metaroom_tz_vanilla/val/jam_jar/img_384_tz_0.png
6cnn_tz_54_9_no_custom_OP.onnx,/data/metaroom/metaroom_tz_vanilla/val/jam_jar/img_38_tz_0.png
4cnn_ry_6_1_no_custom_OP.onnx,/data/metaroom/metaroom_ry_vanilla/val/beer_bottle/img_483_ry_0.png
4cnn_ry_6_1_no_custom_OP.onnx,/data/metaroom/metaroom_ry_vanilla/val/beer_bottle/img_203_ry_0.png
4cnn_ry_6_1_no_custom_OP.onnx,/data/metaroom/metaroom_ry_vanilla/val/beer_bottle/img_231_ry_0.png
4cnn_ry_6_1_no_custom_OP.onnx,/data/metaroom/metaroom_ry_vanilla/val/beer_bottle/img_91_ry_0.png
4cnn_ry_6_1_no_custom_OP.onnx,/data/metaroom/metaroom_ry_vanilla/val/beer_bottle/img_347_ry_0.png
4cnn_ry_6_1_no_custom_OP.onnx,/data/metaroom/metaroom_ry_vanilla/val/beer_bottle/img_63_ry_0.png
4cnn_ry_6_1_no_custom_OP.onnx,/data/metaroom/metaroom_ry_vanilla/val/beer_bottle/img_308_ry_0.png
4cnn_ry_6_1_no_custom_OP.onnx,/data/metaroom/metaroom_ry_vanilla/val/beer_bottle/img_28_ry_0.png
4cnn_ry_6_1_no_custom_OP.onnx,/data/metaroom/metaroom_ry_vanilla/val/beer_bottle/img_457_ry_0.png
4cnn_ry_6_1_no_custom_OP.onnx,/data/metaroom/metaroom_ry_vanilla/val/beer_bottle/img_326_ry_0.png
4cnn_ry_6_1_no_custom_OP.onnx,/data/metaroom/metaroom_ry_vanilla/val/beer_bottle/img_175_ry_0.png
6cnn_tz_103_17_no_custom_OP.onnx,/data/metaroom/metaroom_tz_vanilla/val/telephone/img_489_tz_0.png
6cnn_tz_103_17_no_custom_OP.onnx,/data/metaroom/metaroom_tz_vanilla/val/telephone/img_96_tz_0.png
6cnn_tz_103_17_no_custom_OP.onnx,/data/metaroom/metaroom_tz_vanilla/val/telephone/img_154_tz_0.png
6cnn_tz_103_17_no_custom_OP.onnx,/data/metaroom/metaroom_tz_vanilla/val/telephone/img_277_tz_0.png
6cnn_tz_103_17_no_custom_OP.onnx,/data/metaroom/metaroom_tz_vanilla/val/telephone/img_229_tz_0.png
6cnn_tz_103_17_no_custom_OP.onnx,/data/metaroom/metaroom_tz_vanilla/val/telephone/img_127_tz_0.png
4cnn_ry_70_11_no_custom_OP.onnx,/data/metaroom/metaroom_ry_vanilla/val/monitor/img_189_ry_0.png
4cnn_ry_70_11_no_custom_OP.onnx,/data/metaroom/metaroom_ry_vanilla/val/monitor/img_27_ry_0.png
4cnn_ry_70_11_no_custom_OP.onnx,/data/metaroom/metaroom_ry_vanilla/val/monitor/img_317_ry_0.png
4cnn_ry_70_11_no_custom_OP.onnx,/data/metaroom/metaroom_ry_vanilla/val/monitor/img_114_ry_0.png
4cnn_ry_70_11_no_custom_OP.onnx,/data/metaroom/metaroom_ry_vanilla/val/monitor/img_409_ry_0.png
4cnn_ry_70_11_no_custom_OP.onnx,/data/metaroom/metaroom_ry_vanilla/val/monitor/img_68_ry_0.png
6cnn_ry_41_6_no_custom_OP.onnx,/data/metaroom/metaroom_ry_vanilla/val/cereal_box/img_194_ry_0.png
6cnn_ry_41_6_no_custom_OP.onnx,/data/metaroom/metaroom_ry_vanilla/val/cereal_box/img_358_ry_0.png
6cnn_ry_41_6_no_custom_OP.onnx,/data/metaroom/metaroom_ry_vanilla/val/cereal_box/img_451_ry_0.png
6cnn_ry_41_6_no_custom_OP.onnx,/data/metaroom/metaroom_ry_vanilla/val/cereal_box/img_135_ry_0.png
6cnn_ry_3_0_no_custom_OP.onnx,/data/metaroom/metaroom_ry_vanilla/val/apple/img_27_ry_0.png
6cnn_ry_3_0_no_custom_OP.onnx,/data/metaroom/metaroom_ry_vanilla/val/apple/img_192_ry_0.png
6cnn_ry_3_0_no_custom_OP.onnx,/data/metaroom/metaroom_ry_vanilla/val/apple/img_124_ry_0.png
6cnn_ry_3_0_no_custom_OP.onnx,/data/metaroom/metaroom_ry_vanilla/val/apple/img_213_ry_0.png
6cnn_ry_3_0_no_custom_OP.onnx,/data/metaroom/metaroom_ry_vanilla/val/apple/img_112_ry_0.png
6cnn_ry_3_0_no_custom_OP.onnx,/data/metaroom/metaroom_ry_vanilla/val/apple/img_66_ry_0.png
6cnn_ry_3_0_no_custom_OP.onnx,/data/metaroom/metaroom_ry_vanilla/val/apple/img_1_ry_0.png
4cnn_tz_79_13_no_custom_OP.onnx,/data/metaroom/metaroom_tz_vanilla/val/orange/img_410_tz_0.png
4cnn_tz_79_13_no_custom_OP.onnx,/data/metaroom/metaroom_tz_vanilla/val/orange/img_186_tz_0.png
4cnn_tz_79_13_no_custom_OP.onnx,/data/metaroom/metaroom_tz_vanilla/val/orange/img_216_tz_0.png
4cnn_tz_79_13_no_custom_OP.onnx,/data/metaroom/metaroom_tz_vanilla/val/orange/img_271_tz_0.png
4cnn_tz_79_13_no_custom_OP.onnx,/data/metaroom/metaroom_tz_vanilla/val/orange/img_173_tz_0.png
4cnn_tz_79_13_no_custom_OP.onnx,/data/metaroom/metaroom_tz_vanilla/val/orange/img_152_tz_0.png
4cnn_tz_79_13_no_custom_OP.onnx,/data/metaroom/metaroom_tz_vanilla/val/orange/img_456_tz_0.png
4cnn_tz_79_13_no_custom_OP.onnx,/data/metaroom/metaroom_tz_vanilla/val/orange/img_78_tz_0.png
6cnn_tz_22_3_no_custom_OP.onnx,/data/metaroom/metaroom_tz_vanilla/val/book/img_25_tz_0.png
6cnn_tz_22_3_no_custom_OP.onnx,/data/metaroom/metaroom_tz_vanilla/val/book/img_116_tz_0.png
6cnn_tz_22_3_no_custom_OP.onnx,/data/metaroom/metaroom_tz_vanilla/val/book/img_480_tz_0.png
6cnn_tz_22_3_no_custom_OP.onnx,/data/metaroom/metaroom_tz_vanilla/val/book/img_371_tz_0.png
6cnn_tz_22_3_no_custom_OP.onnx,/data/metaroom/metaroom_tz_vanilla/val/book/img_345_tz_0.png
6cnn_tz_22_3_no_custom_OP.onnx,/data/metaroom/metaroom_tz_vanilla/val/book/img_212_tz_0.png
6cnn_tz_22_3_no_custom_OP.onnx,/data/metaroom/metaroom_tz_vanilla/val/book/img_151_tz_0.png
6cnn_tz_22_3_no_custom_OP.onnx,/data/metaroom/metaroom_tz_vanilla/val/book/img_248_tz_0.png
6cnn_tz_22_3_no_custom_OP.onnx,/data/metaroom/metaroom_tz_vanilla/val/book/img_196_tz_0.png
6cnn_tz_22_3_no_custom_OP.onnx,/data/metaroom/metaroom_tz_vanilla/val/book/img_462_tz_0.png
6cnn_tz_22_3_no_custom_OP.onnx,/data/metaroom/metaroom_tz_vanilla/val/book/img_436_tz_0.png
6cnn_tz_22_3_no_custom_OP.onnx,/data/metaroom/metaroom_tz_vanilla/val/book/img_108_tz_0.png
6cnn_tz_22_3_no_custom_OP.onnx,/data/metaroom/metaroom_tz_vanilla/val/book/img_295_tz_0.png
6cnn_tz_75_12_no_custom_OP.onnx,/data/metaroom/metaroom_tz_vanilla/val/office_telephone/img_220_tz_0.png
6cnn_tz_75_12_no_custom_OP.onnx,/data/metaroom/metaroom_tz_vanilla/val/office_telephone/img_362_tz_0.png
6cnn_tz_75_12_no_custom_OP.onnx,/data/metaroom/metaroom_tz_vanilla/val/office_telephone/img_116_tz_0.png
6cnn_tz_75_12_no_custom_OP.onnx,/data/metaroom/metaroom_tz_vanilla/val/office_telephone/img_371_tz_0.png
6cnn_tz_75_12_no_custom_OP.onnx,/data/metaroom/metaroom_tz_vanilla/val/office_telephone/img_24_tz_0.png
6cnn_tz_75_12_no_custom_OP.onnx,/data/metaroom/metaroom_tz_vanilla/val/office_telephone/img_45_tz_0.png
6cnn_tz_75_12_no_custom_OP.onnx,/data/metaroom/metaroom_tz_vanilla/val/office_telephone/img_271_tz_0.png
6cnn_tz_75_12_no_custom_OP.onnx,/data/metaroom/metaroom_tz_vanilla/val/office_telephone/img_412_tz_0.png
6cnn_tz_75_12_no_custom_OP.onnx,/data/metaroom/metaroom_tz_vanilla/val/office_telephone/img_282_tz_0.png
4cnn_ry_45_7_no_custom_OP.onnx,/data/metaroom/metaroom_ry_vanilla/val/fruit_bowl/img_30_ry_0.png
4cnn_ry_45_7_no_custom_OP.onnx,/data/metaroom/metaroom_ry_vanilla/val/fruit_bowl/img_177_ry_0.png
4cnn_ry_45_7_no_custom_OP.onnx,/data/metaroom/metaroom_ry_vanilla/val/fruit_bowl/img_370_ry_0.png
4cnn_ry_45_7_no_custom_OP.onnx,/data/metaroom/metaroom_ry_vanilla/val/fruit_bowl/img_360_ry_0.png
4cnn_ry_45_7_no_custom_OP.onnx,/data/metaroom/metaroom_ry_vanilla/val/fruit_bowl/img_88_ry_0.png
4cnn_ry_45_7_no_custom_OP.onnx,/data/metaroom/metaroom_ry_vanilla/val/fruit_bowl/img_66_ry_0.png
4cnn_ry_45_7_no_custom_OP.onnx,/data/metaroom/metaroom_ry_vanilla/val/fruit_bowl/img_235_ry_0.png
4cnn_ry_45_7_no_custom_OP.onnx,/data/metaroom/metaroom_ry_vanilla/val/fruit_bowl/img_415_ry_0.png
4cnn_ry_45_7_no_custom_OP.onnx,/data/metaroom/metaroom_ry_vanilla/val/fruit_bowl/img_83_ry_0.png
4cnn_ry_45_7_no_custom_OP.onnx,/data/metaroom/metaroom_ry_vanilla/val/fruit_bowl/img_485_ry_0.png
4cnn_ry_45_7_no_custom_OP.onnx,/data/metaroom/metaroom_ry_vanilla/val/fruit_bowl/img_488_ry_0.png
6cnn_tz_105_17_no_custom_OP.onnx,/data/metaroom/metaroom_tz_vanilla/val/telephone/img_489_tz_0.png
6cnn_tz_105_17_no_custom_OP.onnx,/data/metaroom/metaroom_tz_vanilla/val/telephone/img_96_tz_0.png
6cnn_tz_105_17_no_custom_OP.onnx,/data/metaroom/metaroom_tz_vanilla/val/telephone/img_154_tz_0.png
6cnn_tz_105_17_no_custom_OP.onnx,/data/metaroom/metaroom_tz_vanilla/val/telephone/img_277_tz_0.png
6cnn_tz_105_17_no_custom_OP.onnx,/data/metaroom/metaroom_tz_vanilla/val/telephone/img_229_tz_0.png
6cnn_tz_105_17_no_custom_OP.onnx,/data/metaroom/metaroom_tz_vanilla/val/telephone/img_127_tz_0.png
4cnn_tz_42_7_no_custom_OP.onnx,/data/metaroom/metaroom_tz_vanilla/val/fruit_bowl/img_396_tz_0.png
4cnn_tz_42_7_no_custom_OP.onnx,/data/metaroom/metaroom_tz_vanilla/val/fruit_bowl/img_210_tz_0.png
4cnn_tz_42_7_no_custom_OP.onnx,/data/metaroom/metaroom_tz_vanilla/val/fruit_bowl/img_44_tz_0.png
4cnn_tz_42_7_no_custom_OP.onnx,/data/metaroom/metaroom_tz_vanilla/val/fruit_bowl/img_300_tz_0.png
4cnn_tz_42_7_no_custom_OP.onnx,/data/metaroom/metaroom_tz_vanilla/val/fruit_bowl/img_246_tz_0.png
4cnn_tz_42_7_no_custom_OP.onnx,/data/metaroom/metaroom_tz_vanilla/val/fruit_bowl/img_151_tz_0.png
4cnn_tz_42_7_no_custom_OP.onnx,/data/metaroom/metaroom_tz_vanilla/val/fruit_bowl/img_462_tz_0.png
4cnn_tz_42_7_no_custom_OP.onnx,/data/metaroom/metaroom_tz_vanilla/val/fruit_bowl/img_358_tz_0.png
6cnn_ry_104_17_no_custom_OP.onnx,/data/metaroom/metaroom_ry_vanilla/val/telephone/img_429_ry_0.png
6cnn_ry_104_17_no_custom_OP.onnx,/data/metaroom/metaroom_ry_vanilla/val/telephone/img_328_ry_0.png
6cnn_ry_104_17_no_custom_OP.onnx,/data/metaroom/metaroom_ry_vanilla/val/telephone/img_279_ry_0.png
6cnn_ry_104_17_no_custom_OP.onnx,/data/metaroom/metaroom_ry_vanilla/val/telephone/img_191_ry_0.png
6cnn_ry_104_17_no_custom_OP.onnx,/data/metaroom/metaroom_ry_vanilla/val/telephone/img_247_ry_0.png
6cnn_ry_104_17_no_custom_OP.onnx,/data/metaroom/metaroom_ry_vanilla/val/telephone/img_356_ry_0.png
6cnn_ry_104_17_no_custom_OP.onnx,/data/metaroom/metaroom_ry_vanilla/val/telephone/img_161_ry_0.png
6cnn_ry_104_17_no_custom_OP.onnx,/data/metaroom/metaroom_ry_vanilla/val/telephone/img_449_ry_0.png
6cnn_ry_117_19_no_custom_OP.onnx,/data/metaroom/metaroom_ry_vanilla/val/wine_glass/img_27_ry_0.png
6cnn_ry_117_19_no_custom_OP.onnx,/data/metaroom/metaroom_ry_vanilla/val/wine_glass/img_158_ry_0.png
6cnn_ry_117_19_no_custom_OP.onnx,/data/metaroom/metaroom_ry_vanilla/val/wine_glass/img_320_ry_0.png
6cnn_ry_117_19_no_custom_OP.onnx,/data/metaroom/metaroom_ry_vanilla/val/wine_glass/img_113_ry_0.png
6cnn_ry_117_19_no_custom_OP.onnx,/data/metaroom/metaroom_ry_vanilla/val/wine_glass/img_446_ry_0.png
6cnn_ry_117_19_no_custom_OP.onnx,/data/metaroom/metaroom_ry_vanilla/val/wine_glass/img_43_ry_0.png
6cnn_ry_117_19_no_custom_OP.onnx,/data/metaroom/metaroom_ry_vanilla/val/wine_glass/img_59_ry_0.png
6cnn_ry_117_19_no_custom_OP.onnx,/data/metaroom/metaroom_ry_vanilla/val/wine_glass/img_235_ry_0.png
6cnn_tz_1_0_no_custom_OP.onnx,/data/metaroom/metaroom_tz_vanilla/val/apple/img_32_tz_0.png
6cnn_tz_1_0_no_custom_OP.onnx,/data/metaroom/metaroom_tz_vanilla/val/apple/img_5_tz_0.png
6cnn_tz_1_0_no_custom_OP.onnx,/data/metaroom/metaroom_tz_vanilla/val/apple/img_471_tz_0.png
6cnn_tz_1_0_no_custom_OP.onnx,/data/metaroom/metaroom_tz_vanilla/val/apple/img_133_tz_0.png
6cnn_tz_1_0_no_custom_OP.onnx,/data/metaroom/metaroom_tz_vanilla/val/apple/img_211_tz_0.png
6cnn_tz_1_0_no_custom_OP.onnx,/data/metaroom/metaroom_tz_vanilla/val/apple/img_158_tz_0.png
6cnn_ry_77_12_no_custom_OP.onnx,/data/metaroom/metaroom_ry_vanilla/val/office_telephone/img_27_ry_0.png
6cnn_ry_77_12_no_custom_OP.onnx,/data/metaroom/metaroom_ry_vanilla/val/office_telephone/img_426_ry_0.png
6cnn_ry_77_12_no_custom_OP.onnx,/data/metaroom/metaroom_ry_vanilla/val/office_telephone/img_374_ry_0.png
6cnn_ry_77_12_no_custom_OP.onnx,/data/metaroom/metaroom_ry_vanilla/val/office_telephone/img_264_ry_0.png
6cnn_ry_77_12_no_custom_OP.onnx,/data/metaroom/metaroom_ry_vanilla/val/office_telephone/img_192_ry_0.png
6cnn_ry_77_12_no_custom_OP.onnx,/data/metaroom/metaroom_ry_vanilla/val/office_telephone/img_359_ry_0.png
6cnn_ry_77_12_no_custom_OP.onnx,/data/metaroom/metaroom_ry_vanilla/val/office_telephone/img_118_ry_0.png
6cnn_ry_77_12_no_custom_OP.onnx,/data/metaroom/metaroom_ry_vanilla/val/office_telephone/img_78_ry_0.png
6cnn_ry_77_12_no_custom_OP.onnx,/data/metaroom/metaroom_ry_vanilla/val/office_telephone/img_128_ry_0.png
4cnn_ry_64_10_no_custom_OP.onnx,/data/metaroom/metaroom_ry_vanilla/val/laptop/img_45_ry_0.png
4cnn_ry_64_10_no_custom_OP.onnx,/data/metaroom/metaroom_ry_vanilla/val/laptop/img_440_ry_0.png
4cnn_ry_64_10_no_custom_OP.onnx,/data/metaroom/metaroom_ry_vanilla/val/laptop/img_115_ry_0.png
4cnn_ry_64_10_no_custom_OP.onnx,/data/metaroom/metaroom_ry_vanilla/val/laptop/img_88_ry_0.png
4cnn_ry_64_10_no_custom_OP.onnx,/data/metaroom/metaroom_ry_vanilla/val/laptop/img_169_ry_0.png
4cnn_ry_64_10_no_custom_OP.onnx,/data/metaroom/metaroom_ry_vanilla/val/laptop/img_126_ry_0.png
4cnn_ry_64_10_no_custom_OP.onnx,/data/metaroom/metaroom_ry_vanilla/val/laptop/img_491_ry_0.png
4cnn_ry_64_10_no_custom_OP.onnx,/data/metaroom/metaroom_ry_vanilla/val/laptop/img_349_ry_0.png
4cnn_ry_64_10_no_custom_OP.onnx,/data/metaroom/metaroom_ry_vanilla/val/laptop/img_482_ry_0.png
4cnn_ry_64_10_no_custom_OP.onnx,/data/metaroom/metaroom_ry_vanilla/val/laptop/img_296_ry_0.png
4cnn_ry_64_10_no_custom_OP.onnx,/data/metaroom/metaroom_ry_vanilla/val/laptop/img_135_ry_0.png
6cnn_ry_90_15_no_custom_OP.onnx,/data/metaroom/metaroom_ry_vanilla/val/rubber_duck/img_408_ry_0.png
6cnn_ry_90_15_no_custom_OP.onnx,/data/metaroom/metaroom_ry_vanilla/val/rubber_duck/img_84_ry_0.png
6cnn_ry_90_15_no_custom_OP.onnx,/data/metaroom/metaroom_ry_vanilla/val/rubber_duck/img_263_ry_0.png
6cnn_ry_90_15_no_custom_OP.onnx,/data/metaroom/metaroom_ry_vanilla/val/rubber_duck/img_389_ry_0.png
6cnn_ry_90_15_no_custom_OP.onnx,/data/metaroom/metaroom_ry_vanilla/val/rubber_duck/img_232_ry_0.png
6cnn_ry_90_15_no_custom_OP.onnx,/data/metaroom/metaroom_ry_vanilla/val/rubber_duck/img_448_ry_0.png
6cnn_ry_90_15_no_custom_OP.onnx,/data/metaroom/metaroom_ry_vanilla/val/rubber_duck/img_492_ry_0.png
6cnn_ry_90_15_no_custom_OP.onnx,/data/metaroom/metaroom_ry_vanilla/val/rubber_duck/img_435_ry_0.png
4cnn_tz_65_10_no_custom_OP.onnx,/data/metaroom/metaroom_tz_vanilla/val/laptop/img_19_tz_0.png
4cnn_tz_65_10_no_custom_OP.onnx,/data/metaroom/metaroom_tz_vanilla/val/laptop/img_455_tz_0.png
4cnn_tz_65_10_no_custom_OP.onnx,/data/metaroom/metaroom_tz_vanilla/val/laptop/img_392_tz_0.png
4cnn_tz_65_10_no_custom_OP.onnx,/data/metaroom/metaroom_tz_vanilla/val/laptop/img_492_tz_0.png
4cnn_tz_20_3_no_custom_OP.onnx,/data/metaroom/metaroom_tz_vanilla/val/book/img_25_tz_0.png
4cnn_tz_20_3_no_custom_OP.onnx,/data/metaroom/metaroom_tz_vanilla/val/book/img_480_tz_0.png
4cnn_tz_20_3_no_custom_OP.onnx,/data/metaroom/metaroom_tz_vanilla/val/book/img_371_tz_0.png
4cnn_tz_20_3_no_custom_OP.onnx,/data/metaroom/metaroom_tz_vanilla/val/book/img_345_tz_0.png
4cnn_tz_20_3_no_custom_OP.onnx,/data/metaroom/metaroom_tz_vanilla/val/book/img_212_tz_0.png
4cnn_tz_20_3_no_custom_OP.onnx,/data/metaroom/metaroom_tz_vanilla/val/book/img_151_tz_0.png
4cnn_tz_20_3_no_custom_OP.onnx,/data/metaroom/metaroom_tz_vanilla/val/book/img_196_tz_0.png
4cnn_tz_20_3_no_custom_OP.onnx,/data/metaroom/metaroom_tz_vanilla/val/book/img_436_tz_0.png
4cnn_tz_20_3_no_custom_OP.onnx,/data/metaroom/metaroom_tz_vanilla/val/book/img_108_tz_0.png
4cnn_ry_68_11_no_custom_OP.onnx,/data/metaroom/metaroom_ry_vanilla/val/monitor/img_189_ry_0.png
4cnn_ry_68_11_no_custom_OP.onnx,/data/metaroom/metaroom_ry_vanilla/val/monitor/img_27_ry_0.png
4cnn_ry_68_11_no_custom_OP.onnx,/data/metaroom/metaroom_ry_vanilla/val/monitor/img_317_ry_0.png
4cnn_ry_68_11_no_custom_OP.onnx,/data/metaroom/metaroom_ry_vanilla/val/monitor/img_114_ry_0.png
4cnn_ry_68_11_no_custom_OP.onnx,/data/metaroom/metaroom_ry_vanilla/val/monitor/img_409_ry_0.png
4cnn_ry_68_11_no_custom_OP.onnx,/data/metaroom/metaroom_ry_vanilla/val/monitor/img_68_ry_0.png
4cnn_tz_81_13_no_custom_OP.onnx,/data/metaroom/metaroom_tz_vanilla/val/orange/img_410_tz_0.png
4cnn_tz_81_13_no_custom_OP.onnx,/data/metaroom/metaroom_tz_vanilla/val/orange/img_186_tz_0.png
4cnn_tz_81_13_no_custom_OP.onnx,/data/metaroom/metaroom_tz_vanilla/val/orange/img_216_tz_0.png
4cnn_tz_81_13_no_custom_OP.onnx,/data/metaroom/metaroom_tz_vanilla/val/orange/img_271_tz_0.png
4cnn_tz_81_13_no_custom_OP.onnx,/data/metaroom/metaroom_tz_vanilla/val/orange/img_173_tz_0.png
4cnn_tz_81_13_no_custom_OP.onnx,/data/metaroom/metaroom_tz_vanilla/val/orange/img_152_tz_0.png
4cnn_tz_81_13_no_custom_OP.onnx,/data/metaroom/metaroom_tz_vanilla/val/orange/img_456_tz_0.png
4cnn_tz_81_13_no_custom_OP.onnx,/data/metaroom/metaroom_tz_vanilla/val/orange/img_78_tz_0.png
4cnn_tz_52_8_no_custom_OP.onnx,/data/metaroom/metaroom_tz_vanilla/val/honey_jar/img_135_tz_0.png
4cnn_tz_52_8_no_custom_OP.onnx,/data/metaroom/metaroom_tz_vanilla/val/honey_jar/img_359_tz_0.png
4cnn_tz_52_8_no_custom_OP.onnx,/data/metaroom/metaroom_tz_vanilla/val/honey_jar/img_268_tz_0.png
4cnn_tz_52_8_no_custom_OP.onnx,/data/metaroom/metaroom_tz_vanilla/val/honey_jar/img_448_tz_0.png
4cnn_tz_52_8_no_custom_OP.onnx,/data/metaroom/metaroom_tz_vanilla/val/honey_jar/img_456_tz_0.png
4cnn_tz_52_8_no_custom_OP.onnx,/data/metaroom/metaroom_tz_vanilla/val/honey_jar/img_7_tz_0.png
4cnn_tz_52_8_no_custom_OP.onnx,/data/metaroom/metaroom_tz_vanilla/val/honey_jar/img_197_tz_0.png
6cnn_ry_18_3_no_custom_OP.onnx,/data/metaroom/metaroom_ry_vanilla/val/book/img_410_ry_0.png
6cnn_ry_18_3_no_custom_OP.onnx,/data/metaroom/metaroom_ry_vanilla/val/book/img_209_ry_0.png
6cnn_ry_18_3_no_custom_OP.onnx,/data/metaroom/metaroom_ry_vanilla/val/book/img_378_ry_0.png
6cnn_ry_18_3_no_custom_OP.onnx,/data/metaroom/metaroom_ry_vanilla/val/book/img_368_ry_0.png
6cnn_ry_18_3_no_custom_OP.onnx,/data/metaroom/metaroom_ry_vanilla/val/book/img_375_ry_0.png
6cnn_ry_18_3_no_custom_OP.onnx,/data/metaroom/metaroom_ry_vanilla/val/book/img_361_ry_0.png
6cnn_ry_18_3_no_custom_OP.onnx,/data/metaroom/metaroom_ry_vanilla/val/book/img_301_ry_0.png
6cnn_ry_18_3_no_custom_OP.onnx,/data/metaroom/metaroom_ry_vanilla/val/book/img_127_ry_0.png
4cnn_tz_61_10_no_custom_OP.onnx,/data/metaroom/metaroom_tz_vanilla/val/laptop/img_19_tz_0.png
4cnn_tz_61_10_no_custom_OP.onnx,/data/metaroom/metaroom_tz_vanilla/val/laptop/img_455_tz_0.png
4cnn_tz_61_10_no_custom_OP.onnx,/data/metaroom/metaroom_tz_vanilla/val/laptop/img_392_tz_0.png
4cnn_tz_61_10_no_custom_OP.onnx,/data/metaroom/metaroom_tz_vanilla/val/laptop/img_492_tz_0.png
4cnn_tz_47_7_no_custom_OP.onnx,/data/metaroom/metaroom_tz_vanilla/val/fruit_bowl/img_396_tz_0.png
4cnn_tz_47_7_no_custom_OP.onnx,/data/metaroom/metaroom_tz_vanilla/val/fruit_bowl/img_210_tz_0.png
4cnn_tz_47_7_no_custom_OP.onnx,/data/metaroom/metaroom_tz_vanilla/val/fruit_bowl/img_44_tz_0.png
4cnn_tz_47_7_no_custom_OP.onnx,/data/metaroom/metaroom_tz_vanilla/val/fruit_bowl/img_300_tz_0.png
4cnn_tz_47_7_no_custom_OP.onnx,/data/metaroom/metaroom_tz_vanilla/val/fruit_bowl/img_246_tz_0.png
4cnn_tz_47_7_no_custom_OP.onnx,/data/metaroom/metaroom_tz_vanilla/val/fruit_bowl/img_151_tz_0.png
4cnn_tz_47_7_no_custom_OP.onnx,/data/metaroom/metaroom_tz_vanilla/val/fruit_bowl/img_462_tz_0.png
4cnn_tz_47_7_no_custom_OP.onnx,/data/metaroom/metaroom_tz_vanilla/val/fruit_bowl/img_358_tz_0.png
4cnn_ry_19_3_no_custom_OP.onnx,/data/metaroom/metaroom_ry_vanilla/val/book/img_410_ry_0.png
4cnn_ry_19_3_no_custom_OP.onnx,/data/metaroom/metaroom_ry_vanilla/val/book/img_378_ry_0.png
4cnn_ry_19_3_no_custom_OP.onnx,/data/metaroom/metaroom_ry_vanilla/val/book/img_368_ry_0.png
4cnn_ry_19_3_no_custom_OP.onnx,/data/metaroom/metaroom_ry_vanilla/val/book/img_375_ry_0.png
4cnn_ry_19_3_no_custom_OP.onnx,/data/metaroom/metaroom_ry_vanilla/val/book/img_361_ry_0.png
4cnn_ry_19_3_no_custom_OP.onnx,/data/metaroom/metaroom_ry_vanilla/val/book/img_301_ry_0.png
4cnn_ry_19_3_no_custom_OP.onnx,/data/metaroom/metaroom_ry_vanilla/val/book/img_127_ry_0.png
6cnn_tz_0_0_no_custom_OP.onnx,/data/metaroom/metaroom_tz_vanilla/val/apple/img_32_tz_0.png
6cnn_tz_0_0_no_custom_OP.onnx,/data/metaroom/metaroom_tz_vanilla/val/apple/img_5_tz_0.png
6cnn_tz_0_0_no_custom_OP.onnx,/data/metaroom/metaroom_tz_vanilla/val/apple/img_471_tz_0.png
6cnn_tz_0_0_no_custom_OP.onnx,/data/metaroom/metaroom_tz_vanilla/val/apple/img_133_tz_0.png
6cnn_tz_0_0_no_custom_OP.onnx,/data/metaroom/metaroom_tz_vanilla/val/apple/img_211_tz_0.png
6cnn_tz_0_0_no_custom_OP.onnx,/data/metaroom/metaroom_tz_vanilla/val/apple/img_158_tz_0.png
4cnn_ry_117_19_no_custom_OP.onnx,/data/metaroom/metaroom_ry_vanilla/val/wine_glass/img_27_ry_0.png
4cnn_ry_117_19_no_custom_OP.onnx,/data/metaroom/metaroom_ry_vanilla/val/wine_glass/img_158_ry_0.png
4cnn_ry_117_19_no_custom_OP.onnx,/data/metaroom/metaroom_ry_vanilla/val/wine_glass/img_113_ry_0.png
4cnn_ry_117_19_no_custom_OP.onnx,/data/metaroom/metaroom_ry_vanilla/val/wine_glass/img_399_ry_0.png
4cnn_ry_117_19_no_custom_OP.onnx,/data/metaroom/metaroom_ry_vanilla/val/wine_glass/img_446_ry_0.png
4cnn_ry_117_19_no_custom_OP.onnx,/data/metaroom/metaroom_ry_vanilla/val/wine_glass/img_43_ry_0.png
4cnn_ry_117_19_no_custom_OP.onnx,/data/metaroom/metaroom_ry_vanilla/val/wine_glass/img_256_ry_0.png
4cnn_ry_117_19_no_custom_OP.onnx,/data/metaroom/metaroom_ry_vanilla/val/wine_glass/img_235_ry_0.png
6cnn_ry_95_15_no_custom_OP.onnx,/data/metaroom/metaroom_ry_vanilla/val/rubber_duck/img_408_ry_0.png
6cnn_ry_95_15_no_custom_OP.onnx,/data/metaroom/metaroom_ry_vanilla/val/rubber_duck/img_84_ry_0.png
6cnn_ry_95_15_no_custom_OP.onnx,/data/metaroom/metaroom_ry_vanilla/val/rubber_duck/img_263_ry_0.png
6cnn_ry_95_15_no_custom_OP.onnx,/data/metaroom/metaroom_ry_vanilla/val/rubber_duck/img_389_ry_0.png
6cnn_ry_95_15_no_custom_OP.onnx,/data/metaroom/metaroom_ry_vanilla/val/rubber_duck/img_232_ry_0.png
6cnn_ry_95_15_no_custom_OP.onnx,/data/metaroom/metaroom_ry_vanilla/val/rubber_duck/img_448_ry_0.png
6cnn_ry_95_15_no_custom_OP.onnx,/data/metaroom/metaroom_ry_vanilla/val/rubber_duck/img_492_ry_0.png
6cnn_ry_95_15_no_custom_OP.onnx,/data/metaroom/metaroom_ry_vanilla/val/rubber_duck/img_435_ry_0.png
4cnn_ry_0_0_no_custom_OP.onnx,/data/metaroom/metaroom_ry_vanilla/val/apple/img_119_ry_0.png
4cnn_ry_0_0_no_custom_OP.onnx,/data/metaroom/metaroom_ry_vanilla/val/apple/img_27_ry_0.png
4cnn_ry_0_0_no_custom_OP.onnx,/data/metaroom/metaroom_ry_vanilla/val/apple/img_192_ry_0.png
4cnn_ry_0_0_no_custom_OP.onnx,/data/metaroom/metaroom_ry_vanilla/val/apple/img_124_ry_0.png
4cnn_ry_0_0_no_custom_OP.onnx,/data/metaroom/metaroom_ry_vanilla/val/apple/img_213_ry_0.png
4cnn_ry_0_0_no_custom_OP.onnx,/data/metaroom/metaroom_ry_vanilla/val/apple/img_112_ry_0.png
4cnn_ry_0_0_no_custom_OP.onnx,/data/metaroom/metaroom_ry_vanilla/val/apple/img_66_ry_0.png
4cnn_ry_0_0_no_custom_OP.onnx,/data/metaroom/metaroom_ry_vanilla/val/apple/img_418_ry_0.png
4cnn_ry_0_0_no_custom_OP.onnx,/data/metaroom/metaroom_ry_vanilla/val/apple/img_109_ry_0.png
4cnn_ry_0_0_no_custom_OP.onnx,/data/metaroom/metaroom_ry_vanilla/val/apple/img_1_ry_0.png
4cnn_ry_31_5_no_custom_OP.onnx,/data/metaroom/metaroom_ry_vanilla/val/carafe/img_310_ry_0.png
4cnn_ry_31_5_no_custom_OP.onnx,/data/metaroom/metaroom_ry_vanilla/val/carafe/img_443_ry_0.png
4cnn_ry_31_5_no_custom_OP.onnx,/data/metaroom/metaroom_ry_vanilla/val/carafe/img_354_ry_0.png
4cnn_ry_31_5_no_custom_OP.onnx,/data/metaroom/metaroom_ry_vanilla/val/carafe/img_259_ry_0.png
4cnn_ry_31_5_no_custom_OP.onnx,/data/metaroom/metaroom_ry_vanilla/val/carafe/img_337_ry_0.png
4cnn_ry_31_5_no_custom_OP.onnx,/data/metaroom/metaroom_ry_vanilla/val/carafe/img_469_ry_0.png
4cnn_ry_31_5_no_custom_OP.onnx,/data/metaroom/metaroom_ry_vanilla/val/carafe/img_43_ry_0.png
4cnn_ry_31_5_no_custom_OP.onnx,/data/metaroom/metaroom_ry_vanilla/val/carafe/img_311_ry_0.png
6cnn_tz_36_6_no_custom_OP.onnx,/data/metaroom/metaroom_tz_vanilla/val/cereal_box/img_313_tz_0.png
6cnn_tz_36_6_no_custom_OP.onnx,/data/metaroom/metaroom_tz_vanilla/val/cereal_box/img_219_tz_0.png
6cnn_tz_36_6_no_custom_OP.onnx,/data/metaroom/metaroom_tz_vanilla/val/cereal_box/img_310_tz_0.png
6cnn_tz_36_6_no_custom_OP.onnx,/data/metaroom/metaroom_tz_vanilla/val/cereal_box/img_232_tz_0.png
6cnn_tz_36_6_no_custom_OP.onnx,/data/metaroom/metaroom_tz_vanilla/val/cereal_box/img_107_tz_0.png
6cnn_tz_36_6_no_custom_OP.onnx,/data/metaroom/metaroom_tz_vanilla/val/cereal_box/img_421_tz_0.png
6cnn_tz_36_6_no_custom_OP.onnx,/data/metaroom/metaroom_tz_vanilla/val/cereal_box/img_394_tz_0.png
4cnn_ry_36_6_no_custom_OP.onnx,/data/metaroom/metaroom_ry_vanilla/val/cereal_box/img_194_ry_0.png
4cnn_ry_36_6_no_custom_OP.onnx,/data/metaroom/metaroom_ry_vanilla/val/cereal_box/img_358_ry_0.png
4cnn_ry_36_6_no_custom_OP.onnx,/data/metaroom/metaroom_ry_vanilla/val/cereal_box/img_451_ry_0.png
4cnn_ry_36_6_no_custom_OP.onnx,/data/metaroom/metaroom_ry_vanilla/val/cereal_box/img_98_ry_0.png
4cnn_ry_36_6_no_custom_OP.onnx,/data/metaroom/metaroom_ry_vanilla/val/cereal_box/img_135_ry_0.png
4cnn_tz_15_2_no_custom_OP.onnx,/data/metaroom/metaroom_tz_vanilla/val/biscuit_box/img_222_tz_0.png
4cnn_tz_15_2_no_custom_OP.onnx,/data/metaroom/metaroom_tz_vanilla/val/biscuit_box/img_442_tz_0.png
4cnn_tz_15_2_no_custom_OP.onnx,/data/metaroom/metaroom_tz_vanilla/val/biscuit_box/img_380_tz_0.png
4cnn_tz_15_2_no_custom_OP.onnx,/data/metaroom/metaroom_tz_vanilla/val/biscuit_box/img_425_tz_0.png
4cnn_tz_15_2_no_custom_OP.onnx,/data/metaroom/metaroom_tz_vanilla/val/biscuit_box/img_46_tz_0.png
6cnn_ry_64_10_no_custom_OP.onnx,/data/metaroom/metaroom_ry_vanilla/val/laptop/img_440_ry_0.png
6cnn_ry_64_10_no_custom_OP.onnx,/data/metaroom/metaroom_ry_vanilla/val/laptop/img_115_ry_0.png
6cnn_ry_64_10_no_custom_OP.onnx,/data/metaroom/metaroom_ry_vanilla/val/laptop/img_88_ry_0.png
6cnn_ry_64_10_no_custom_OP.onnx,/data/metaroom/metaroom_ry_vanilla/val/laptop/img_32_ry_0.png
6cnn_ry_64_10_no_custom_OP.onnx,/data/metaroom/metaroom_ry_vanilla/val/laptop/img_126_ry_0.png
6cnn_ry_64_10_no_custom_OP.onnx,/data/metaroom/metaroom_ry_vanilla/val/laptop/img_491_ry_0.png
6cnn_ry_64_10_no_custom_OP.onnx,/data/metaroom/metaroom_ry_vanilla/val/laptop/img_349_ry_0.png
6cnn_ry_64_10_no_custom_OP.onnx,/data/metaroom/metaroom_ry_vanilla/val/laptop/img_369_ry_0.png
6cnn_ry_64_10_no_custom_OP.onnx,/data/metaroom/metaroom_ry_vanilla/val/laptop/img_482_ry_0.png
6cnn_ry_64_10_no_custom_OP.onnx,/data/metaroom/metaroom_ry_vanilla/val/laptop/img_296_ry_0.png
6cnn_ry_64_10_no_custom_OP.onnx,/data/metaroom/metaroom_ry_vanilla/val/laptop/img_135_ry_0.png
6cnn_tz_119_19_no_custom_OP.onnx,/data/metaroom/metaroom_tz_vanilla/val/wine_glass/img_224_tz_0.png
6cnn_tz_119_19_no_custom_OP.onnx,/data/metaroom/metaroom_tz_vanilla/val/wine_glass/img_445_tz_0.png
6cnn_tz_119_19_no_custom_OP.onnx,/data/metaroom/metaroom_tz_vanilla/val/wine_glass/img_174_tz_0.png
6cnn_tz_119_19_no_custom_OP.onnx,/data/metaroom/metaroom_tz_vanilla/val/wine_glass/img_161_tz_0.png
6cnn_tz_119_19_no_custom_OP.onnx,/data/metaroom/metaroom_tz_vanilla/val/wine_glass/img_114_tz_0.png
6cnn_tz_119_19_no_custom_OP.onnx,/data/metaroom/metaroom_tz_vanilla/val/wine_glass/img_226_tz_0.png
6cnn_tz_119_19_no_custom_OP.onnx,/data/metaroom/metaroom_tz_vanilla/val/wine_glass/img_389_tz_0.png
6cnn_tz_119_19_no_custom_OP.onnx,/data/metaroom/metaroom_tz_vanilla/val/wine_glass/img_451_tz_0.png
6cnn_tz_119_19_no_custom_OP.onnx,/data/metaroom/metaroom_tz_vanilla/val/wine_glass/img_344_tz_0.png
6cnn_tz_119_19_no_custom_OP.onnx,/data/metaroom/metaroom_tz_vanilla/val/wine_glass/img_229_tz_0.png
4cnn_ry_7_1_no_custom_OP.onnx,/data/metaroom/metaroom_ry_vanilla/val/beer_bottle/img_483_ry_0.png
4cnn_ry_7_1_no_custom_OP.onnx,/data/metaroom/metaroom_ry_vanilla/val/beer_bottle/img_203_ry_0.png
4cnn_ry_7_1_no_custom_OP.onnx,/data/metaroom/metaroom_ry_vanilla/val/beer_bottle/img_231_ry_0.png
4cnn_ry_7_1_no_custom_OP.onnx,/data/metaroom/metaroom_ry_vanilla/val/beer_bottle/img_91_ry_0.png
4cnn_ry_7_1_no_custom_OP.onnx,/data/metaroom/metaroom_ry_vanilla/val/beer_bottle/img_347_ry_0.png
4cnn_ry_7_1_no_custom_OP.onnx,/data/metaroom/metaroom_ry_vanilla/val/beer_bottle/img_63_ry_0.png
4cnn_ry_7_1_no_custom_OP.onnx,/data/metaroom/metaroom_ry_vanilla/val/beer_bottle/img_308_ry_0.png
4cnn_ry_7_1_no_custom_OP.onnx,/data/metaroom/metaroom_ry_vanilla/val/beer_bottle/img_28_ry_0.png
4cnn_ry_7_1_no_custom_OP.onnx,/data/metaroom/metaroom_ry_vanilla/val/beer_bottle/img_457_ry_0.png
4cnn_ry_7_1_no_custom_OP.onnx,/data/metaroom/metaroom_ry_vanilla/val/beer_bottle/img_326_ry_0.png
4cnn_ry_7_1_no_custom_OP.onnx,/data/metaroom/metaroom_ry_vanilla/val/beer_bottle/img_175_ry_0.png
4cnn_tz_3_0_no_custom_OP.onnx,/data/metaroom/metaroom_tz_vanilla/val/apple/img_32_tz_0.png
4cnn_tz_3_0_no_custom_OP.onnx,/data/metaroom/metaroom_tz_vanilla/val/apple/img_6_tz_0.png
4cnn_tz_3_0_no_custom_OP.onnx,/data/metaroom/metaroom_tz_vanilla/val/apple/img_5_tz_0.png
4cnn_tz_3_0_no_custom_OP.onnx,/data/metaroom/metaroom_tz_vanilla/val/apple/img_471_tz_0.png
4cnn_tz_3_0_no_custom_OP.onnx,/data/metaroom/metaroom_tz_vanilla/val/apple/img_133_tz_0.png
4cnn_tz_3_0_no_custom_OP.onnx,/data/metaroom/metaroom_tz_vanilla/val/apple/img_211_tz_0.png
4cnn_tz_3_0_no_custom_OP.onnx,/data/metaroom/metaroom_tz_vanilla/val/apple/img_158_tz_0.png
4cnn_tz_36_6_no_custom_OP.onnx,/data/metaroom/metaroom_tz_vanilla/val/cereal_box/img_313_tz_0.png
4cnn_tz_36_6_no_custom_OP.onnx,/data/metaroom/metaroom_tz_vanilla/val/cereal_box/img_219_tz_0.png
4cnn_tz_36_6_no_custom_OP.onnx,/data/metaroom/metaroom_tz_vanilla/val/cereal_box/img_310_tz_0.png
4cnn_tz_36_6_no_custom_OP.onnx,/data/metaroom/metaroom_tz_vanilla/val/cereal_box/img_232_tz_0.png
4cnn_tz_36_6_no_custom_OP.onnx,/data/metaroom/metaroom_tz_vanilla/val/cereal_box/img_107_tz_0.png
4cnn_tz_36_6_no_custom_OP.onnx,/data/metaroom/metaroom_tz_vanilla/val/cereal_box/img_421_tz_0.png
4cnn_tz_36_6_no_custom_OP.onnx,/data/metaroom/metaroom_tz_vanilla/val/cereal_box/img_394_tz_0.png
4cnn_ry_79_13_no_custom_OP.onnx,/data/metaroom/metaroom_ry_vanilla/val/orange/img_417_ry_0.png
4cnn_ry_79_13_no_custom_OP.onnx,/data/metaroom/metaroom_ry_vanilla/val/orange/img_354_ry_0.png
4cnn_ry_79_13_no_custom_OP.onnx,/data/metaroom/metaroom_ry_vanilla/val/orange/img_172_ry_0.png
4cnn_ry_79_13_no_custom_OP.onnx,/data/metaroom/metaroom_ry_vanilla/val/orange/img_382_ry_0.png
4cnn_ry_79_13_no_custom_OP.onnx,/data/metaroom/metaroom_ry_vanilla/val/orange/img_114_ry_0.png
4cnn_ry_79_13_no_custom_OP.onnx,/data/metaroom/metaroom_ry_vanilla/val/orange/img_186_ry_0.png
4cnn_ry_79_13_no_custom_OP.onnx,/data/metaroom/metaroom_ry_vanilla/val/orange/img_341_ry_0.png
4cnn_ry_79_13_no_custom_OP.onnx,/data/metaroom/metaroom_ry_vanilla/val/orange/img_28_ry_0.png
6cnn_tz_5_0_no_custom_OP.onnx,/data/metaroom/metaroom_tz_vanilla/val/apple/img_32_tz_0.png
6cnn_tz_5_0_no_custom_OP.onnx,/data/metaroom/metaroom_tz_vanilla/val/apple/img_5_tz_0.png
6cnn_tz_5_0_no_custom_OP.onnx,/data/metaroom/metaroom_tz_vanilla/val/apple/img_471_tz_0.png
6cnn_tz_5_0_no_custom_OP.onnx,/data/metaroom/metaroom_tz_vanilla/val/apple/img_133_tz_0.png
6cnn_tz_5_0_no_custom_OP.onnx,/data/metaroom/metaroom_tz_vanilla/val/apple/img_211_tz_0.png
6cnn_tz_5_0_no_custom_OP.onnx,/data/metaroom/metaroom_tz_vanilla/val/apple/img_158_tz_0.png
4cnn_tz_55_9_no_custom_OP.onnx,/data/metaroom/metaroom_tz_vanilla/val/jam_jar/img_375_tz_0.png
4cnn_tz_55_9_no_custom_OP.onnx,/data/metaroom/metaroom_tz_vanilla/val/jam_jar/img_85_tz_0.png
4cnn_tz_55_9_no_custom_OP.onnx,/data/metaroom/metaroom_tz_vanilla/val/jam_jar/img_263_tz_0.png
4cnn_tz_55_9_no_custom_OP.onnx,/data/metaroom/metaroom_tz_vanilla/val/jam_jar/img_442_tz_0.png
4cnn_tz_55_9_no_custom_OP.onnx,/data/metaroom/metaroom_tz_vanilla/val/jam_jar/img_38_tz_0.png
6cnn_tz_37_6_no_custom_OP.onnx,/data/metaroom/metaroom_tz_vanilla/val/cereal_box/img_313_tz_0.png
6cnn_tz_37_6_no_custom_OP.onnx,/data/metaroom/metaroom_tz_vanilla/val/cereal_box/img_219_tz_0.png
6cnn_tz_37_6_no_custom_OP.onnx,/data/metaroom/metaroom_tz_vanilla/val/cereal_box/img_310_tz_0.png
6cnn_tz_37_6_no_custom_OP.onnx,/data/metaroom/metaroom_tz_vanilla/val/cereal_box/img_232_tz_0.png
6cnn_tz_37_6_no_custom_OP.onnx,/data/metaroom/metaroom_tz_vanilla/val/cereal_box/img_107_tz_0.png
6cnn_tz_37_6_no_custom_OP.onnx,/data/metaroom/metaroom_tz_vanilla/val/cereal_box/img_421_tz_0.png
6cnn_tz_37_6_no_custom_OP.onnx,/data/metaroom/metaroom_tz_vanilla/val/cereal_box/img_394_tz_0.png
4cnn_ry_56_9_no_custom_OP.onnx,/data/metaroom/metaroom_ry_vanilla/val/jam_jar/img_189_ry_0.png
4cnn_ry_56_9_no_custom_OP.onnx,/data/metaroom/metaroom_ry_vanilla/val/jam_jar/img_266_ry_0.png
4cnn_ry_56_9_no_custom_OP.onnx,/data/metaroom/metaroom_ry_vanilla/val/jam_jar/img_213_ry_0.png
4cnn_ry_56_9_no_custom_OP.onnx,/data/metaroom/metaroom_ry_vanilla/val/jam_jar/img_458_ry_0.png
4cnn_ry_56_9_no_custom_OP.onnx,/data/metaroom/metaroom_ry_vanilla/val/jam_jar/img_28_ry_0.png
4cnn_ry_52_8_no_custom_OP.onnx,/data/metaroom/metaroom_ry_vanilla/val/honey_jar/img_258_ry_0.png
4cnn_ry_52_8_no_custom_OP.onnx,/data/metaroom/metaroom_ry_vanilla/val/honey_jar/img_417_ry_0.png
4cnn_ry_52_8_no_custom_OP.onnx,/data/metaroom/metaroom_ry_vanilla/val/honey_jar/img_51_ry_0.png
4cnn_ry_52_8_no_custom_OP.onnx,/data/metaroom/metaroom_ry_vanilla/val/honey_jar/img_305_ry_0.png
4cnn_ry_52_8_no_custom_OP.onnx,/data/metaroom/metaroom_ry_vanilla/val/honey_jar/img_254_ry_0.png
4cnn_ry_52_8_no_custom_OP.onnx,/data/metaroom/metaroom_ry_vanilla/val/honey_jar/img_494_ry_0.png
6cnn_tz_57_9_no_custom_OP.onnx,/data/metaroom/metaroom_tz_vanilla/val/jam_jar/img_375_tz_0.png
6cnn_tz_57_9_no_custom_OP.onnx,/data/metaroom/metaroom_tz_vanilla/val/jam_jar/img_179_tz_0.png
6cnn_tz_57_9_no_custom_OP.onnx,/data/metaroom/metaroom_tz_vanilla/val/jam_jar/img_85_tz_0.png
6cnn_tz_57_9_no_custom_OP.onnx,/data/metaroom/metaroom_tz_vanilla/val/jam_jar/img_263_tz_0.png
6cnn_tz_57_9_no_custom_OP.onnx,/data/metaroom/metaroom_tz_vanilla/val/jam_jar/img_442_tz_0.png
6cnn_tz_57_9_no_custom_OP.onnx,/data/metaroom/metaroom_tz_vanilla/val/jam_jar/img_384_tz_0.png
6cnn_tz_57_9_no_custom_OP.onnx,/data/metaroom/metaroom_tz_vanilla/val/jam_jar/img_38_tz_0.png
6cnn_ry_0_0_no_custom_OP.onnx,/data/metaroom/metaroom_ry_vanilla/val/apple/img_27_ry_0.png
6cnn_ry_0_0_no_custom_OP.onnx,/data/metaroom/metaroom_ry_vanilla/val/apple/img_192_ry_0.png
6cnn_ry_0_0_no_custom_OP.onnx,/data/metaroom/metaroom_ry_vanilla/val/apple/img_124_ry_0.png
6cnn_ry_0_0_no_custom_OP.onnx,/data/metaroom/metaroom_ry_vanilla/val/apple/img_213_ry_0.png
6cnn_ry_0_0_no_custom_OP.onnx,/data/metaroom/metaroom_ry_vanilla/val/apple/img_112_ry_0.png
6cnn_ry_0_0_no_custom_OP.onnx,/data/metaroom/metaroom_ry_vanilla/val/apple/img_66_ry_0.png
6cnn_ry_0_0_no_custom_OP.onnx,/data/metaroom/metaroom_ry_vanilla/val/apple/img_1_ry_0.png
4cnn_ry_58_9_no_custom_OP.onnx,/data/metaroom/metaroom_ry_vanilla/val/jam_jar/img_189_ry_0.png
4cnn_ry_58_9_no_custom_OP.onnx,/data/metaroom/metaroom_ry_vanilla/val/jam_jar/img_266_ry_0.png
4cnn_ry_58_9_no_custom_OP.onnx,/data/metaroom/metaroom_ry_vanilla/val/jam_jar/img_213_ry_0.png
4cnn_ry_58_9_no_custom_OP.onnx,/data/metaroom/metaroom_ry_vanilla/val/jam_jar/img_458_ry_0.png
4cnn_ry_58_9_no_custom_OP.onnx,/data/metaroom/metaroom_ry_vanilla/val/jam_jar/img_28_ry_0.png
4cnn_tz_70_11_no_custom_OP.onnx,/data/metaroom/metaroom_tz_vanilla/val/monitor/img_208_tz_0.png
4cnn_tz_70_11_no_custom_OP.onnx,/data/metaroom/metaroom_tz_vanilla/val/monitor/img_96_tz_0.png
4cnn_tz_70_11_no_custom_OP.onnx,/data/metaroom/metaroom_tz_vanilla/val/monitor/img_205_tz_0.png
4cnn_tz_70_11_no_custom_OP.onnx,/data/metaroom/metaroom_tz_vanilla/val/monitor/img_453_tz_0.png
4cnn_tz_70_11_no_custom_OP.onnx,/data/metaroom/metaroom_tz_vanilla/val/monitor/img_465_tz_0.png
4cnn_tz_70_11_no_custom_OP.onnx,/data/metaroom/metaroom_tz_vanilla/val/monitor/img_194_tz_0.png
4cnn_tz_70_11_no_custom_OP.onnx,/data/metaroom/metaroom_tz_vanilla/val/monitor/img_412_tz_0.png
4cnn_tz_70_11_no_custom_OP.onnx,/data/metaroom/metaroom_tz_vanilla/val/monitor/img_314_tz_0.png
6cnn_ry_93_15_no_custom_OP.onnx,/data/metaroom/metaroom_ry_vanilla/val/rubber_duck/img_408_ry_0.png
6cnn_ry_93_15_no_custom_OP.onnx,/data/metaroom/metaroom_ry_vanilla/val/rubber_duck/img_84_ry_0.png
6cnn_ry_93_15_no_custom_OP.onnx,/data/metaroom/metaroom_ry_vanilla/val/rubber_duck/img_263_ry_0.png
6cnn_ry_93_15_no_custom_OP.onnx,/data/metaroom/metaroom_ry_vanilla/val/rubber_duck/img_389_ry_0.png
6cnn_ry_93_15_no_custom_OP.onnx,/data/metaroom/metaroom_ry_vanilla/val/rubber_duck/img_232_ry_0.png
6cnn_ry_93_15_no_custom_OP.onnx,/data/metaroom/metaroom_ry_vanilla/val/rubber_duck/img_448_ry_0.png
6cnn_ry_93_15_no_custom_OP.onnx,/data/metaroom/metaroom_ry_vanilla/val/rubber_duck/img_492_ry_0.png
6cnn_ry_93_15_no_custom_OP.onnx,/data/metaroom/metaroom_ry_vanilla/val/rubber_duck/img_435_ry_0.png
4cnn_tz_117_19_no_custom_OP.onnx,/data/metaroom/metaroom_tz_vanilla/val/wine_glass/img_174_tz_0.png
4cnn_tz_117_19_no_custom_OP.onnx,/data/metaroom/metaroom_tz_vanilla/val/wine_glass/img_161_tz_0.png
4cnn_tz_117_19_no_custom_OP.onnx,/data/metaroom/metaroom_tz_vanilla/val/wine_glass/img_114_tz_0.png
4cnn_tz_117_19_no_custom_OP.onnx,/data/metaroom/metaroom_tz_vanilla/val/wine_glass/img_226_tz_0.png
4cnn_tz_117_19_no_custom_OP.onnx,/data/metaroom/metaroom_tz_vanilla/val/wine_glass/img_318_tz_0.png
4cnn_tz_117_19_no_custom_OP.onnx,/data/metaroom/metaroom_tz_vanilla/val/wine_glass/img_389_tz_0.png
4cnn_tz_117_19_no_custom_OP.onnx,/data/metaroom/metaroom_tz_vanilla/val/wine_glass/img_451_tz_0.png
4cnn_tz_117_19_no_custom_OP.onnx,/data/metaroom/metaroom_tz_vanilla/val/wine_glass/img_344_tz_0.png
6cnn_tz_40_6_no_custom_OP.onnx,/data/metaroom/metaroom_tz_vanilla/val/cereal_box/img_313_tz_0.png
6cnn_tz_40_6_no_custom_OP.onnx,/data/metaroom/metaroom_tz_vanilla/val/cereal_box/img_219_tz_0.png
6cnn_tz_40_6_no_custom_OP.onnx,/data/metaroom/metaroom_tz_vanilla/val/cereal_box/img_310_tz_0.png
6cnn_tz_40_6_no_custom_OP.onnx,/data/metaroom/metaroom_tz_vanilla/val/cereal_box/img_232_tz_0.png
6cnn_tz_40_6_no_custom_OP.onnx,/data/metaroom/metaroom_tz_vanilla/val/cereal_box/img_107_tz_0.png
6cnn_tz_40_6_no_custom_OP.onnx,/data/metaroom/metaroom_tz_vanilla/val/cereal_box/img_421_tz_0.png
6cnn_tz_40_6_no_custom_OP.onnx,/data/metaroom/metaroom_tz_vanilla/val/cereal_box/img_394_tz_0.png
6cnn_ry_12_2_no_custom_OP.onnx,/data/metaroom/metaroom_ry_vanilla/val/biscuit_box/img_483_ry_0.png
6cnn_ry_12_2_no_custom_OP.onnx,/data/metaroom/metaroom_ry_vanilla/val/biscuit_box/img_60_ry_0.png
6cnn_ry_12_2_no_custom_OP.onnx,/data/metaroom/metaroom_ry_vanilla/val/biscuit_box/img_49_ry_0.png
6cnn_ry_12_2_no_custom_OP.onnx,/data/metaroom/metaroom_ry_vanilla/val/biscuit_box/img_35_ry_0.png
6cnn_ry_12_2_no_custom_OP.onnx,/data/metaroom/metaroom_ry_vanilla/val/biscuit_box/img_241_ry_0.png
6cnn_ry_12_2_no_custom_OP.onnx,/data/metaroom/metaroom_ry_vanilla/val/biscuit_box/img_298_ry_0.png
6cnn_ry_12_2_no_custom_OP.onnx,/data/metaroom/metaroom_ry_vanilla/val/biscuit_box/img_79_ry_0.png
6cnn_ry_12_2_no_custom_OP.onnx,/data/metaroom/metaroom_ry_vanilla/val/biscuit_box/img_176_ry_0.png
6cnn_ry_12_2_no_custom_OP.onnx,/data/metaroom/metaroom_ry_vanilla/val/biscuit_box/img_122_ry_0.png
6cnn_ry_15_2_no_custom_OP.onnx,/data/metaroom/metaroom_ry_vanilla/val/biscuit_box/img_483_ry_0.png
6cnn_ry_15_2_no_custom_OP.onnx,/data/metaroom/metaroom_ry_vanilla/val/biscuit_box/img_60_ry_0.png
6cnn_ry_15_2_no_custom_OP.onnx,/data/metaroom/metaroom_ry_vanilla/val/biscuit_box/img_49_ry_0.png
6cnn_ry_15_2_no_custom_OP.onnx,/data/metaroom/metaroom_ry_vanilla/val/biscuit_box/img_35_ry_0.png
6cnn_ry_15_2_no_custom_OP.onnx,/data/metaroom/metaroom_ry_vanilla/val/biscuit_box/img_241_ry_0.png
6cnn_ry_15_2_no_custom_OP.onnx,/data/metaroom/metaroom_ry_vanilla/val/biscuit_box/img_298_ry_0.png
6cnn_ry_15_2_no_custom_OP.onnx,/data/metaroom/metaroom_ry_vanilla/val/biscuit_box/img_79_ry_0.png
6cnn_ry_15_2_no_custom_OP.onnx,/data/metaroom/metaroom_ry_vanilla/val/biscuit_box/img_176_ry_0.png
6cnn_ry_15_2_no_custom_OP.onnx,/data/metaroom/metaroom_ry_vanilla/val/biscuit_box/img_122_ry_0.png
6cnn_tz_68_11_no_custom_OP.onnx,/data/metaroom/metaroom_tz_vanilla/val/monitor/img_208_tz_0.png
6cnn_tz_68_11_no_custom_OP.onnx,/data/metaroom/metaroom_tz_vanilla/val/monitor/img_265_tz_0.png
6cnn_tz_68_11_no_custom_OP.onnx,/data/metaroom/metaroom_tz_vanilla/val/monitor/img_96_tz_0.png
6cnn_tz_68_11_no_custom_OP.onnx,/data/metaroom/metaroom_tz_vanilla/val/monitor/img_205_tz_0.png
6cnn_tz_68_11_no_custom_OP.onnx,/data/metaroom/metaroom_tz_vanilla/val/monitor/img_211_tz_0.png
6cnn_tz_68_11_no_custom_OP.onnx,/data/metaroom/metaroom_tz_vanilla/val/monitor/img_453_tz_0.png
6cnn_tz_68_11_no_custom_OP.onnx,/data/metaroom/metaroom_tz_vanilla/val/monitor/img_465_tz_0.png
6cnn_tz_68_11_no_custom_OP.onnx,/data/metaroom/metaroom_tz_vanilla/val/monitor/img_194_tz_0.png
6cnn_tz_68_11_no_custom_OP.onnx,/data/metaroom/metaroom_tz_vanilla/val/monitor/img_412_tz_0.png
6cnn_tz_68_11_no_custom_OP.onnx,/data/metaroom/metaroom_tz_vanilla/val/monitor/img_314_tz_0.png
6cnn_tz_113_18_no_custom_OP.onnx,/data/metaroom/metaroom_tz_vanilla/val/water_bottle/img_418_tz_0.png
6cnn_tz_113_18_no_custom_OP.onnx,/data/metaroom/metaroom_tz_vanilla/val/water_bottle/img_410_tz_0.png
6cnn_tz_113_18_no_custom_OP.onnx,/data/metaroom/metaroom_tz_vanilla/val/water_bottle/img_135_tz_0.png
6cnn_tz_113_18_no_custom_OP.onnx,/data/metaroom/metaroom_tz_vanilla/val/water_bottle/img_346_tz_0.png
6cnn_tz_113_18_no_custom_OP.onnx,/data/metaroom/metaroom_tz_vanilla/val/water_bottle/img_362_tz_0.png
6cnn_tz_113_18_no_custom_OP.onnx,/data/metaroom/metaroom_tz_vanilla/val/water_bottle/img_476_tz_0.png
6cnn_tz_113_18_no_custom_OP.onnx,/data/metaroom/metaroom_tz_vanilla/val/water_bottle/img_212_tz_0.png
6cnn_tz_113_18_no_custom_OP.onnx,/data/metaroom/metaroom_tz_vanilla/val/water_bottle/img_267_tz_0.png
6cnn_tz_113_18_no_custom_OP.onnx,/data/metaroom/metaroom_tz_vanilla/val/water_bottle/img_458_tz_0.png
6cnn_tz_113_18_no_custom_OP.onnx,/data/metaroom/metaroom_tz_vanilla/val/water_bottle/img_421_tz_0.png
6cnn_tz_113_18_no_custom_OP.onnx,/data/metaroom/metaroom_tz_vanilla/val/water_bottle/img_154_tz_0.png
6cnn_tz_113_18_no_custom_OP.onnx,/data/metaroom/metaroom_tz_vanilla/val/water_bottle/img_311_tz_0.png
6cnn_tz_113_18_no_custom_OP.onnx,/data/metaroom/metaroom_tz_vanilla/val/water_bottle/img_334_tz_0.png
6cnn_tz_113_18_no_custom_OP.onnx,/data/metaroom/metaroom_tz_vanilla/val/water_bottle/img_431_tz_0.png
6cnn_tz_113_18_no_custom_OP.onnx,/data/metaroom/metaroom_tz_vanilla/val/water_bottle/img_105_tz_0.png
6cnn_tz_113_18_no_custom_OP.onnx,/data/metaroom/metaroom_tz_vanilla/val/water_bottle/img_42_tz_0.png
6cnn_ry_23_3_no_custom_OP.onnx,/data/metaroom/metaroom_ry_vanilla/val/book/img_410_ry_0.png
6cnn_ry_23_3_no_custom_OP.onnx,/data/metaroom/metaroom_ry_vanilla/val/book/img_209_ry_0.png
6cnn_ry_23_3_no_custom_OP.onnx,/data/metaroom/metaroom_ry_vanilla/val/book/img_378_ry_0.png
6cnn_ry_23_3_no_custom_OP.onnx,/data/metaroom/metaroom_ry_vanilla/val/book/img_368_ry_0.png
6cnn_ry_23_3_no_custom_OP.onnx,/data/metaroom/metaroom_ry_vanilla/val/book/img_375_ry_0.png
6cnn_ry_23_3_no_custom_OP.onnx,/data/metaroom/metaroom_ry_vanilla/val/book/img_361_ry_0.png
6cnn_ry_23_3_no_custom_OP.onnx,/data/metaroom/metaroom_ry_vanilla/val/book/img_301_ry_0.png
6cnn_ry_23_3_no_custom_OP.onnx,/data/metaroom/metaroom_ry_vanilla/val/book/img_127_ry_0.png
4cnn_tz_64_10_no_custom_OP.onnx,/data/metaroom/metaroom_tz_vanilla/val/laptop/img_19_tz_0.png
4cnn_tz_64_10_no_custom_OP.onnx,/data/metaroom/metaroom_tz_vanilla/val/laptop/img_455_tz_0.png
4cnn_tz_64_10_no_custom_OP.onnx,/data/metaroom/metaroom_tz_vanilla/val/laptop/img_392_tz_0.png
4cnn_tz_64_10_no_custom_OP.onnx,/data/metaroom/metaroom_tz_vanilla/val/laptop/img_492_tz_0.png
4cnn_tz_38_6_no_custom_OP.onnx,/data/metaroom/metaroom_tz_vanilla/val/cereal_box/img_313_tz_0.png
4cnn_tz_38_6_no_custom_OP.onnx,/data/metaroom/metaroom_tz_vanilla/val/cereal_box/img_219_tz_0.png
4cnn_tz_38_6_no_custom_OP.onnx,/data/metaroom/metaroom_tz_vanilla/val/cereal_box/img_310_tz_0.png
4cnn_tz_38_6_no_custom_OP.onnx,/data/metaroom/metaroom_tz_vanilla/val/cereal_box/img_232_tz_0.png
4cnn_tz_38_6_no_custom_OP.onnx,/data/metaroom/metaroom_tz_vanilla/val/cereal_box/img_107_tz_0.png
4cnn_tz_38_6_no_custom_OP.onnx,/data/metaroom/metaroom_tz_vanilla/val/cereal_box/img_421_tz_0.png
4cnn_tz_38_6_no_custom_OP.onnx,/data/metaroom/metaroom_tz_vanilla/val/cereal_box/img_394_tz_0.png
6cnn_tz_3_0_no_custom_OP.onnx,/data/metaroom/metaroom_tz_vanilla/val/apple/img_32_tz_0.png
6cnn_tz_3_0_no_custom_OP.onnx,/data/metaroom/metaroom_tz_vanilla/val/apple/img_5_tz_0.png
6cnn_tz_3_0_no_custom_OP.onnx,/data/metaroom/metaroom_tz_vanilla/val/apple/img_471_tz_0.png
6cnn_tz_3_0_no_custom_OP.onnx,/data/metaroom/metaroom_tz_vanilla/val/apple/img_133_tz_0.png
6cnn_tz_3_0_no_custom_OP.onnx,/data/metaroom/metaroom_tz_vanilla/val/apple/img_211_tz_0.png
6cnn_tz_3_0_no_custom_OP.onnx,/data/metaroom/metaroom_tz_vanilla/val/apple/img_158_tz_0.png
4cnn_tz_62_10_no_custom_OP.onnx,/data/metaroom/metaroom_tz_vanilla/val/laptop/img_19_tz_0.png
4cnn_tz_62_10_no_custom_OP.onnx,/data/metaroom/metaroom_tz_vanilla/val/laptop/img_455_tz_0.png
4cnn_tz_62_10_no_custom_OP.onnx,/data/metaroom/metaroom_tz_vanilla/val/laptop/img_392_tz_0.png
4cnn_tz_62_10_no_custom_OP.onnx,/data/metaroom/metaroom_tz_vanilla/val/laptop/img_492_tz_0.png
4cnn_tz_30_5_no_custom_OP.onnx,/data/metaroom/metaroom_tz_vanilla/val/carafe/img_375_tz_0.png
4cnn_tz_30_5_no_custom_OP.onnx,/data/metaroom/metaroom_tz_vanilla/val/carafe/img_87_tz_0.png
4cnn_tz_30_5_no_custom_OP.onnx,/data/metaroom/metaroom_tz_vanilla/val/carafe/img_386_tz_0.png
4cnn_tz_30_5_no_custom_OP.onnx,/data/metaroom/metaroom_tz_vanilla/val/carafe/img_225_tz_0.png
4cnn_tz_30_5_no_custom_OP.onnx,/data/metaroom/metaroom_tz_vanilla/val/carafe/img_257_tz_0.png
4cnn_tz_30_5_no_custom_OP.onnx,/data/metaroom/metaroom_tz_vanilla/val/carafe/img_315_tz_0.png
4cnn_tz_30_5_no_custom_OP.onnx,/data/metaroom/metaroom_tz_vanilla/val/carafe/img_353_tz_0.png
4cnn_tz_30_5_no_custom_OP.onnx,/data/metaroom/metaroom_tz_vanilla/val/carafe/img_432_tz_0.png
4cnn_tz_30_5_no_custom_OP.onnx,/data/metaroom/metaroom_tz_vanilla/val/carafe/img_285_tz_0.png
4cnn_tz_30_5_no_custom_OP.onnx,/data/metaroom/metaroom_tz_vanilla/val/carafe/img_258_tz_0.png
4cnn_tz_30_5_no_custom_OP.onnx,/data/metaroom/metaroom_tz_vanilla/val/carafe/img_215_tz_0.png
4cnn_tz_30_5_no_custom_OP.onnx,/data/metaroom/metaroom_tz_vanilla/val/carafe/img_146_tz_0.png
6cnn_tz_65_10_no_custom_OP.onnx,/data/metaroom/metaroom_tz_vanilla/val/laptop/img_19_tz_0.png
6cnn_tz_65_10_no_custom_OP.onnx,/data/metaroom/metaroom_tz_vanilla/val/laptop/img_253_tz_0.png
6cnn_tz_65_10_no_custom_OP.onnx,/data/metaroom/metaroom_tz_vanilla/val/laptop/img_455_tz_0.png
6cnn_tz_65_10_no_custom_OP.onnx,/data/metaroom/metaroom_tz_vanilla/val/laptop/img_392_tz_0.png
6cnn_tz_65_10_no_custom_OP.onnx,/data/metaroom/metaroom_tz_vanilla/val/laptop/img_492_tz_0.png
6cnn_tz_65_10_no_custom_OP.onnx,/data/metaroom/metaroom_tz_vanilla/val/laptop/img_451_tz_0.png
4cnn_tz_4_0_no_custom_OP.onnx,/data/metaroom/metaroom_tz_vanilla/val/apple/img_32_tz_0.png
4cnn_tz_4_0_no_custom_OP.onnx,/data/metaroom/metaroom_tz_vanilla/val/apple/img_6_tz_0.png
4cnn_tz_4_0_no_custom_OP.onnx,/data/metaroom/metaroom_tz_vanilla/val/apple/img_5_tz_0.png
4cnn_tz_4_0_no_custom_OP.onnx,/data/metaroom/metaroom_tz_vanilla/val/apple/img_471_tz_0.png
4cnn_tz_4_0_no_custom_OP.onnx,/data/metaroom/metaroom_tz_vanilla/val/apple/img_133_tz_0.png
4cnn_tz_4_0_no_custom_OP.onnx,/data/metaroom/metaroom_tz_vanilla/val/apple/img_211_tz_0.png
4cnn_tz_4_0_no_custom_OP.onnx,/data/metaroom/metaroom_tz_vanilla/val/apple/img_158_tz_0.png
4cnn_ry_33_5_no_custom_OP.onnx,/data/metaroom/metaroom_ry_vanilla/val/carafe/img_310_ry_0.png
4cnn_ry_33_5_no_custom_OP.onnx,/data/metaroom/metaroom_ry_vanilla/val/carafe/img_443_ry_0.png
4cnn_ry_33_5_no_custom_OP.onnx,/data/metaroom/metaroom_ry_vanilla/val/carafe/img_354_ry_0.png
4cnn_ry_33_5_no_custom_OP.onnx,/data/metaroom/metaroom_ry_vanilla/val/carafe/img_259_ry_0.png
4cnn_ry_33_5_no_custom_OP.onnx,/data/metaroom/metaroom_ry_vanilla/val/carafe/img_337_ry_0.png
4cnn_ry_33_5_no_custom_OP.onnx,/data/metaroom/metaroom_ry_vanilla/val/carafe/img_469_ry_0.png
4cnn_ry_33_5_no_custom_OP.onnx,/data/metaroom/metaroom_ry_vanilla/val/carafe/img_43_ry_0.png
4cnn_ry_33_5_no_custom_OP.onnx,/data/metaroom/metaroom_ry_vanilla/val/carafe/img_311_ry_0.png
6cnn_ry_1_0_no_custom_OP.onnx,/data/metaroom/metaroom_ry_vanilla/val/apple/img_27_ry_0.png
6cnn_ry_1_0_no_custom_OP.onnx,/data/metaroom/metaroom_ry_vanilla/val/apple/img_192_ry_0.png
6cnn_ry_1_0_no_custom_OP.onnx,/data/metaroom/metaroom_ry_vanilla/val/apple/img_124_ry_0.png
6cnn_ry_1_0_no_custom_OP.onnx,/data/metaroom/metaroom_ry_vanilla/val/apple/img_213_ry_0.png
6cnn_ry_1_0_no_custom_OP.onnx,/data/metaroom/metaroom_ry_vanilla/val/apple/img_112_ry_0.png
6cnn_ry_1_0_no_custom_OP.onnx,/data/metaroom/metaroom_ry_vanilla/val/apple/img_66_ry_0.png
6cnn_ry_1_0_no_custom_OP.onnx,/data/metaroom/metaroom_ry_vanilla/val/apple/img_1_ry_0.png
4cnn_ry_102_17_no_custom_OP.onnx,/data/metaroom/metaroom_ry_vanilla/val/telephone/img_429_ry_0.png
4cnn_ry_102_17_no_custom_OP.onnx,/data/metaroom/metaroom_ry_vanilla/val/telephone/img_328_ry_0.png
4cnn_ry_102_17_no_custom_OP.onnx,/data/metaroom/metaroom_ry_vanilla/val/telephone/img_279_ry_0.png
4cnn_ry_102_17_no_custom_OP.onnx,/data/metaroom/metaroom_ry_vanilla/val/telephone/img_191_ry_0.png
4cnn_ry_102_17_no_custom_OP.onnx,/data/metaroom/metaroom_ry_vanilla/val/telephone/img_247_ry_0.png
4cnn_ry_102_17_no_custom_OP.onnx,/data/metaroom/metaroom_ry_vanilla/val/telephone/img_356_ry_0.png
4cnn_ry_102_17_no_custom_OP.onnx,/data/metaroom/metaroom_ry_vanilla/val/telephone/img_246_ry_0.png
4cnn_ry_102_17_no_custom_OP.onnx,/data/metaroom/metaroom_ry_vanilla/val/telephone/img_449_ry_0.png
6cnn_tz_64_10_no_custom_OP.onnx,/data/metaroom/metaroom_tz_vanilla/val/laptop/img_19_tz_0.png
6cnn_tz_64_10_no_custom_OP.onnx,/data/metaroom/metaroom_tz_vanilla/val/laptop/img_253_tz_0.png
6cnn_tz_64_10_no_custom_OP.onnx,/data/metaroom/metaroom_tz_vanilla/val/laptop/img_455_tz_0.png
6cnn_tz_64_10_no_custom_OP.onnx,/data/metaroom/metaroom_tz_vanilla/val/laptop/img_392_tz_0.png
6cnn_tz_64_10_no_custom_OP.onnx,/data/metaroom/metaroom_tz_vanilla/val/laptop/img_492_tz_0.png
6cnn_tz_64_10_no_custom_OP.onnx,/data/metaroom/metaroom_tz_vanilla/val/laptop/img_451_tz_0.png
4cnn_ry_2_0_no_custom_OP.onnx,/data/metaroom/metaroom_ry_vanilla/val/apple/img_119_ry_0.png
4cnn_ry_2_0_no_custom_OP.onnx,/data/metaroom/metaroom_ry_vanilla/val/apple/img_27_ry_0.png
4cnn_ry_2_0_no_custom_OP.onnx,/data/metaroom/metaroom_ry_vanilla/val/apple/img_192_ry_0.png
4cnn_ry_2_0_no_custom_OP.onnx,/data/metaroom/metaroom_ry_vanilla/val/apple/img_124_ry_0.png
4cnn_ry_2_0_no_custom_OP.onnx,/data/metaroom/metaroom_ry_vanilla/val/apple/img_213_ry_0.png
4cnn_ry_2_0_no_custom_OP.onnx,/data/metaroom/metaroom_ry_vanilla/val/apple/img_112_ry_0.png
4cnn_ry_2_0_no_custom_OP.onnx,/data/metaroom/metaroom_ry_vanilla/val/apple/img_66_ry_0.png
4cnn_ry_2_0_no_custom_OP.onnx,/data/metaroom/metaroom_ry_vanilla/val/apple/img_418_ry_0.png
4cnn_ry_2_0_no_custom_OP.onnx,/data/metaroom/metaroom_ry_vanilla/val/apple/img_109_ry_0.png
4cnn_ry_2_0_no_custom_OP.onnx,/data/metaroom/metaroom_ry_vanilla/val/apple/img_1_ry_0.png
4cnn_tz_2_0_no_custom_OP.onnx,/data/metaroom/metaroom_tz_vanilla/val/apple/img_32_tz_0.png
4cnn_tz_2_0_no_custom_OP.onnx,/data/metaroom/metaroom_tz_vanilla/val/apple/img_6_tz_0.png
4cnn_tz_2_0_no_custom_OP.onnx,/data/metaroom/metaroom_tz_vanilla/val/apple/img_5_tz_0.png
4cnn_tz_2_0_no_custom_OP.onnx,/data/metaroom/metaroom_tz_vanilla/val/apple/img_471_tz_0.png
4cnn_tz_2_0_no_custom_OP.onnx,/data/metaroom/metaroom_tz_vanilla/val/apple/img_133_tz_0.png
4cnn_tz_2_0_no_custom_OP.onnx,/data/metaroom/metaroom_tz_vanilla/val/apple/img_211_tz_0.png
4cnn_tz_2_0_no_custom_OP.onnx,/data/metaroom/metaroom_tz_vanilla/val/apple/img_158_tz_0.png
4cnn_tz_57_9_no_custom_OP.onnx,/data/metaroom/metaroom_tz_vanilla/val/jam_jar/img_375_tz_0.png
4cnn_tz_57_9_no_custom_OP.onnx,/data/metaroom/metaroom_tz_vanilla/val/jam_jar/img_85_tz_0.png
4cnn_tz_57_9_no_custom_OP.onnx,/data/metaroom/metaroom_tz_vanilla/val/jam_jar/img_263_tz_0.png
4cnn_tz_57_9_no_custom_OP.onnx,/data/metaroom/metaroom_tz_vanilla/val/jam_jar/img_442_tz_0.png
4cnn_tz_57_9_no_custom_OP.onnx,/data/metaroom/metaroom_tz_vanilla/val/jam_jar/img_38_tz_0.png
4cnn_ry_44_7_no_custom_OP.onnx,/data/metaroom/metaroom_ry_vanilla/val/fruit_bowl/img_30_ry_0.png
4cnn_ry_44_7_no_custom_OP.onnx,/data/metaroom/metaroom_ry_vanilla/val/fruit_bowl/img_177_ry_0.png
4cnn_ry_44_7_no_custom_OP.onnx,/data/metaroom/metaroom_ry_vanilla/val/fruit_bowl/img_370_ry_0.png
4cnn_ry_44_7_no_custom_OP.onnx,/data/metaroom/metaroom_ry_vanilla/val/fruit_bowl/img_360_ry_0.png
4cnn_ry_44_7_no_custom_OP.onnx,/data/metaroom/metaroom_ry_vanilla/val/fruit_bowl/img_88_ry_0.png
4cnn_ry_44_7_no_custom_OP.onnx,/data/metaroom/metaroom_ry_vanilla/val/fruit_bowl/img_66_ry_0.png
4cnn_ry_44_7_no_custom_OP.onnx,/data/metaroom/metaroom_ry_vanilla/val/fruit_bowl/img_235_ry_0.png
4cnn_ry_44_7_no_custom_OP.onnx,/data/metaroom/metaroom_ry_vanilla/val/fruit_bowl/img_415_ry_0.png
4cnn_ry_44_7_no_custom_OP.onnx,/data/metaroom/metaroom_ry_vanilla/val/fruit_bowl/img_83_ry_0.png
4cnn_ry_44_7_no_custom_OP.onnx,/data/metaroom/metaroom_ry_vanilla/val/fruit_bowl/img_485_ry_0.png
4cnn_ry_44_7_no_custom_OP.onnx,/data/metaroom/metaroom_ry_vanilla/val/fruit_bowl/img_488_ry_0.png
6cnn_tz_48_8_no_custom_OP.onnx,/data/metaroom/metaroom_tz_vanilla/val/honey_jar/img_135_tz_0.png
6cnn_tz_48_8_no_custom_OP.onnx,/data/metaroom/metaroom_tz_vanilla/val/honey_jar/img_359_tz_0.png
6cnn_tz_48_8_no_custom_OP.onnx,/data/metaroom/metaroom_tz_vanilla/val/honey_jar/img_268_tz_0.png
6cnn_tz_48_8_no_custom_OP.onnx,/data/metaroom/metaroom_tz_vanilla/val/honey_jar/img_448_tz_0.png
6cnn_tz_48_8_no_custom_OP.onnx,/data/metaroom/metaroom_tz_vanilla/val/honey_jar/img_207_tz_0.png
6cnn_tz_48_8_no_custom_OP.onnx,/data/metaroom/metaroom_tz_vanilla/val/honey_jar/img_456_tz_0.png
6cnn_tz_48_8_no_custom_OP.onnx,/data/metaroom/metaroom_tz_vanilla/val/honey_jar/img_7_tz_0.png
6cnn_tz_48_8_no_custom_OP.onnx,/data/metaroom/metaroom_tz_vanilla/val/honey_jar/img_197_tz_0.png
4cnn_ry_42_7_no_custom_OP.onnx,/data/metaroom/metaroom_ry_vanilla/val/fruit_bowl/img_30_ry_0.png
4cnn_ry_42_7_no_custom_OP.onnx,/data/metaroom/metaroom_ry_vanilla/val/fruit_bowl/img_177_ry_0.png
4cnn_ry_42_7_no_custom_OP.onnx,/data/metaroom/metaroom_ry_vanilla/val/fruit_bowl/img_370_ry_0.png
4cnn_ry_42_7_no_custom_OP.onnx,/data/metaroom/metaroom_ry_vanilla/val/fruit_bowl/img_360_ry_0.png
4cnn_ry_42_7_no_custom_OP.onnx,/data/metaroom/metaroom_ry_vanilla/val/fruit_bowl/img_88_ry_0.png
4cnn_ry_42_7_no_custom_OP.onnx,/data/metaroom/metaroom_ry_vanilla/val/fruit_bowl/img_66_ry_0.png
4cnn_ry_42_7_no_custom_OP.onnx,/data/metaroom/metaroom_ry_vanilla/val/fruit_bowl/img_235_ry_0.png
4cnn_ry_42_7_no_custom_OP.onnx,/data/metaroom/metaroom_ry_vanilla/val/fruit_bowl/img_415_ry_0.png
4cnn_ry_42_7_no_custom_OP.onnx,/data/metaroom/metaroom_ry_vanilla/val/fruit_bowl/img_83_ry_0.png
4cnn_ry_42_7_no_custom_OP.onnx,/data/metaroom/metaroom_ry_vanilla/val/fruit_bowl/img_485_ry_0.png
4cnn_ry_42_7_no_custom_OP.onnx,/data/metaroom/metaroom_ry_vanilla/val/fruit_bowl/img_488_ry_0.png
6cnn_tz_78_13_no_custom_OP.onnx,/data/metaroom/metaroom_tz_vanilla/val/orange/img_410_tz_0.png
6cnn_tz_78_13_no_custom_OP.onnx,/data/metaroom/metaroom_tz_vanilla/val/orange/img_186_tz_0.png
6cnn_tz_78_13_no_custom_OP.onnx,/data/metaroom/metaroom_tz_vanilla/val/orange/img_216_tz_0.png
6cnn_tz_78_13_no_custom_OP.onnx,/data/metaroom/metaroom_tz_vanilla/val/orange/img_471_tz_0.png
6cnn_tz_78_13_no_custom_OP.onnx,/data/metaroom/metaroom_tz_vanilla/val/orange/img_271_tz_0.png
6cnn_tz_78_13_no_custom_OP.onnx,/data/metaroom/metaroom_tz_vanilla/val/orange/img_173_tz_0.png
6cnn_tz_78_13_no_custom_OP.onnx,/data/metaroom/metaroom_tz_vanilla/val/orange/img_152_tz_0.png
6cnn_tz_78_13_no_custom_OP.onnx,/data/metaroom/metaroom_tz_vanilla/val/orange/img_456_tz_0.png
6cnn_tz_78_13_no_custom_OP.onnx,/data/metaroom/metaroom_tz_vanilla/val/orange/img_78_tz_0.png
6cnn_ry_52_8_no_custom_OP.onnx,/data/metaroom/metaroom_ry_vanilla/val/honey_jar/img_258_ry_0.png
6cnn_ry_52_8_no_custom_OP.onnx,/data/metaroom/metaroom_ry_vanilla/val/honey_jar/img_417_ry_0.png
6cnn_ry_52_8_no_custom_OP.onnx,/data/metaroom/metaroom_ry_vanilla/val/honey_jar/img_71_ry_0.png
6cnn_ry_52_8_no_custom_OP.onnx,/data/metaroom/metaroom_ry_vanilla/val/honey_jar/img_51_ry_0.png
6cnn_ry_52_8_no_custom_OP.onnx,/data/metaroom/metaroom_ry_vanilla/val/honey_jar/img_305_ry_0.png
6cnn_ry_52_8_no_custom_OP.onnx,/data/metaroom/metaroom_ry_vanilla/val/honey_jar/img_254_ry_0.png
6cnn_ry_66_11_no_custom_OP.onnx,/data/metaroom/metaroom_ry_vanilla/val/monitor/img_408_ry_0.png
6cnn_ry_66_11_no_custom_OP.onnx,/data/metaroom/metaroom_ry_vanilla/val/monitor/img_189_ry_0.png
6cnn_ry_66_11_no_custom_OP.onnx,/data/metaroom/metaroom_ry_vanilla/val/monitor/img_27_ry_0.png
6cnn_ry_66_11_no_custom_OP.onnx,/data/metaroom/metaroom_ry_vanilla/val/monitor/img_317_ry_0.png
6cnn_ry_66_11_no_custom_OP.onnx,/data/metaroom/metaroom_ry_vanilla/val/monitor/img_353_ry_0.png
6cnn_ry_66_11_no_custom_OP.onnx,/data/metaroom/metaroom_ry_vanilla/val/monitor/img_251_ry_0.png
6cnn_ry_66_11_no_custom_OP.onnx,/data/metaroom/metaroom_ry_vanilla/val/monitor/img_114_ry_0.png
6cnn_ry_66_11_no_custom_OP.onnx,/data/metaroom/metaroom_ry_vanilla/val/monitor/img_409_ry_0.png
6cnn_ry_66_11_no_custom_OP.onnx,/data/metaroom/metaroom_ry_vanilla/val/monitor/img_68_ry_0.png
4cnn_ry_99_16_no_custom_OP.onnx,/data/metaroom/metaroom_ry_vanilla/val/soccer_ball/img_474_ry_0.png
4cnn_ry_99_16_no_custom_OP.onnx,/data/metaroom/metaroom_ry_vanilla/val/soccer_ball/img_43_ry_0.png
4cnn_ry_99_16_no_custom_OP.onnx,/data/metaroom/metaroom_ry_vanilla/val/soccer_ball/img_459_ry_0.png
4cnn_ry_111_18_no_custom_OP.onnx,/data/metaroom/metaroom_ry_vanilla/val/water_bottle/img_413_ry_0.png
4cnn_ry_111_18_no_custom_OP.onnx,/data/metaroom/metaroom_ry_vanilla/val/water_bottle/img_179_ry_0.png
4cnn_ry_111_18_no_custom_OP.onnx,/data/metaroom/metaroom_ry_vanilla/val/water_bottle/img_265_ry_0.png
4cnn_ry_111_18_no_custom_OP.onnx,/data/metaroom/metaroom_ry_vanilla/val/water_bottle/img_2_ry_0.png
4cnn_ry_111_18_no_custom_OP.onnx,/data/metaroom/metaroom_ry_vanilla/val/water_bottle/img_498_ry_0.png
4cnn_ry_111_18_no_custom_OP.onnx,/data/metaroom/metaroom_ry_vanilla/val/water_bottle/img_317_ry_0.png
4cnn_ry_111_18_no_custom_OP.onnx,/data/metaroom/metaroom_ry_vanilla/val/water_bottle/img_325_ry_0.png
4cnn_ry_37_6_no_custom_OP.onnx,/data/metaroom/metaroom_ry_vanilla/val/cereal_box/img_194_ry_0.png
4cnn_ry_37_6_no_custom_OP.onnx,/data/metaroom/metaroom_ry_vanilla/val/cereal_box/img_358_ry_0.png
4cnn_ry_37_6_no_custom_OP.onnx,/data/metaroom/metaroom_ry_vanilla/val/cereal_box/img_451_ry_0.png
4cnn_ry_37_6_no_custom_OP.onnx,/data/metaroom/metaroom_ry_vanilla/val/cereal_box/img_98_ry_0.png
4cnn_ry_37_6_no_custom_OP.onnx,/data/metaroom/metaroom_ry_vanilla/val/cereal_box/img_135_ry_0.png
6cnn_ry_38_6_no_custom_OP.onnx,/data/metaroom/metaroom_ry_vanilla/val/cereal_box/img_194_ry_0.png
6cnn_ry_38_6_no_custom_OP.onnx,/data/metaroom/metaroom_ry_vanilla/val/cereal_box/img_358_ry_0.png
6cnn_ry_38_6_no_custom_OP.onnx,/data/metaroom/metaroom_ry_vanilla/val/cereal_box/img_451_ry_0.png
6cnn_ry_38_6_no_custom_OP.onnx,/data/metaroom/metaroom_ry_vanilla/val/cereal_box/img_135_ry_0.png
6cnn_ry_62_10_no_custom_OP.onnx,/data/metaroom/metaroom_ry_vanilla/val/laptop/img_440_ry_0.png
6cnn_ry_62_10_no_custom_OP.onnx,/data/metaroom/metaroom_ry_vanilla/val/laptop/img_115_ry_0.png
6cnn_ry_62_10_no_custom_OP.onnx,/data/metaroom/metaroom_ry_vanilla/val/laptop/img_88_ry_0.png
6cnn_ry_62_10_no_custom_OP.onnx,/data/metaroom/metaroom_ry_vanilla/val/laptop/img_32_ry_0.png
6cnn_ry_62_10_no_custom_OP.onnx,/data/metaroom/metaroom_ry_vanilla/val/laptop/img_126_ry_0.png
6cnn_ry_62_10_no_custom_OP.onnx,/data/metaroom/metaroom_ry_vanilla/val/laptop/img_491_ry_0.png
6cnn_ry_62_10_no_custom_OP.onnx,/data/metaroom/metaroom_ry_vanilla/val/laptop/img_349_ry_0.png
6cnn_ry_62_10_no_custom_OP.onnx,/data/metaroom/metaroom_ry_vanilla/val/laptop/img_369_ry_0.png
6cnn_ry_62_10_no_custom_OP.onnx,/data/metaroom/metaroom_ry_vanilla/val/laptop/img_482_ry_0.png
6cnn_ry_62_10_no_custom_OP.onnx,/data/metaroom/metaroom_ry_vanilla/val/laptop/img_296_ry_0.png
6cnn_ry_62_10_no_custom_OP.onnx,/data/metaroom/metaroom_ry_vanilla/val/laptop/img_135_ry_0.png
6cnn_tz_117_19_no_custom_OP.onnx,/data/metaroom/metaroom_tz_vanilla/val/wine_glass/img_224_tz_0.png
6cnn_tz_117_19_no_custom_OP.onnx,/data/metaroom/metaroom_tz_vanilla/val/wine_glass/img_445_tz_0.png
6cnn_tz_117_19_no_custom_OP.onnx,/data/metaroom/metaroom_tz_vanilla/val/wine_glass/img_174_tz_0.png
6cnn_tz_117_19_no_custom_OP.onnx,/data/metaroom/metaroom_tz_vanilla/val/wine_glass/img_161_tz_0.png
6cnn_tz_117_19_no_custom_OP.onnx,/data/metaroom/metaroom_tz_vanilla/val/wine_glass/img_114_tz_0.png
6cnn_tz_117_19_no_custom_OP.onnx,/data/metaroom/metaroom_tz_vanilla/val/wine_glass/img_226_tz_0.png
6cnn_tz_117_19_no_custom_OP.onnx,/data/metaroom/metaroom_tz_vanilla/val/wine_glass/img_389_tz_0.png
6cnn_tz_117_19_no_custom_OP.onnx,/data/metaroom/metaroom_tz_vanilla/val/wine_glass/img_451_tz_0.png
6cnn_tz_117_19_no_custom_OP.onnx,/data/metaroom/metaroom_tz_vanilla/val/wine_glass/img_344_tz_0.png
6cnn_tz_117_19_no_custom_OP.onnx,/data/metaroom/metaroom_tz_vanilla/val/wine_glass/img_229_tz_0.png
6cnn_tz_31_5_no_custom_OP.onnx,/data/metaroom/metaroom_tz_vanilla/val/carafe/img_375_tz_0.png
6cnn_tz_31_5_no_custom_OP.onnx,/data/metaroom/metaroom_tz_vanilla/val/carafe/img_87_tz_0.png
6cnn_tz_31_5_no_custom_OP.onnx,/data/metaroom/metaroom_tz_vanilla/val/carafe/img_386_tz_0.png
6cnn_tz_31_5_no_custom_OP.onnx,/data/metaroom/metaroom_tz_vanilla/val/carafe/img_225_tz_0.png
6cnn_tz_31_5_no_custom_OP.onnx,/data/metaroom/metaroom_tz_vanilla/val/carafe/img_257_tz_0.png
6cnn_tz_31_5_no_custom_OP.onnx,/data/metaroom/metaroom_tz_vanilla/val/carafe/img_315_tz_0.png
6cnn_tz_31_5_no_custom_OP.onnx,/data/metaroom/metaroom_tz_vanilla/val/carafe/img_353_tz_0.png
6cnn_tz_31_5_no_custom_OP.onnx,/data/metaroom/metaroom_tz_vanilla/val/carafe/img_432_tz_0.png
6cnn_tz_31_5_no_custom_OP.onnx,/data/metaroom/metaroom_tz_vanilla/val/carafe/img_285_tz_0.png
6cnn_tz_31_5_no_custom_OP.onnx,/data/metaroom/metaroom_tz_vanilla/val/carafe/img_258_tz_0.png
6cnn_tz_31_5_no_custom_OP.onnx,/data/metaroom/metaroom_tz_vanilla/val/carafe/img_215_tz_0.png
6cnn_tz_31_5_no_custom_OP.onnx,/data/metaroom/metaroom_tz_vanilla/val/carafe/img_146_tz_0.png
4cnn_tz_82_13_no_custom_OP.onnx,/data/metaroom/metaroom_tz_vanilla/val/orange/img_410_tz_0.png
4cnn_tz_82_13_no_custom_OP.onnx,/data/metaroom/metaroom_tz_vanilla/val/orange/img_186_tz_0.png
4cnn_tz_82_13_no_custom_OP.onnx,/data/metaroom/metaroom_tz_vanilla/val/orange/img_216_tz_0.png
4cnn_tz_82_13_no_custom_OP.onnx,/data/metaroom/metaroom_tz_vanilla/val/orange/img_271_tz_0.png
4cnn_tz_82_13_no_custom_OP.onnx,/data/metaroom/metaroom_tz_vanilla/val/orange/img_173_tz_0.png
4cnn_tz_82_13_no_custom_OP.onnx,/data/metaroom/metaroom_tz_vanilla/val/orange/img_152_tz_0.png
4cnn_tz_82_13_no_custom_OP.onnx,/data/metaroom/metaroom_tz_vanilla/val/orange/img_456_tz_0.png
4cnn_tz_82_13_no_custom_OP.onnx,/data/metaroom/metaroom_tz_vanilla/val/orange/img_78_tz_0.png
6cnn_ry_106_17_no_custom_OP.onnx,/data/metaroom/metaroom_ry_vanilla/val/telephone/img_429_ry_0.png
6cnn_ry_106_17_no_custom_OP.onnx,/data/metaroom/metaroom_ry_vanilla/val/telephone/img_328_ry_0.png
6cnn_ry_106_17_no_custom_OP.onnx,/data/metaroom/metaroom_ry_vanilla/val/telephone/img_279_ry_0.png
6cnn_ry_106_17_no_custom_OP.onnx,/data/metaroom/metaroom_ry_vanilla/val/telephone/img_191_ry_0.png
6cnn_ry_106_17_no_custom_OP.onnx,/data/metaroom/metaroom_ry_vanilla/val/telephone/img_247_ry_0.png
6cnn_ry_106_17_no_custom_OP.onnx,/data/metaroom/metaroom_ry_vanilla/val/telephone/img_356_ry_0.png
6cnn_ry_106_17_no_custom_OP.onnx,/data/metaroom/metaroom_ry_vanilla/val/telephone/img_161_ry_0.png
6cnn_ry_106_17_no_custom_OP.onnx,/data/metaroom/metaroom_ry_vanilla/val/telephone/img_449_ry_0.png
6cnn_ry_81_13_no_custom_OP.onnx,/data/metaroom/metaroom_ry_vanilla/val/orange/img_417_ry_0.png
6cnn_ry_81_13_no_custom_OP.onnx,/data/metaroom/metaroom_ry_vanilla/val/orange/img_354_ry_0.png
6cnn_ry_81_13_no_custom_OP.onnx,/data/metaroom/metaroom_ry_vanilla/val/orange/img_172_ry_0.png
6cnn_ry_81_13_no_custom_OP.onnx,/data/metaroom/metaroom_ry_vanilla/val/orange/img_382_ry_0.png
6cnn_ry_81_13_no_custom_OP.onnx,/data/metaroom/metaroom_ry_vanilla/val/orange/img_114_ry_0.png
6cnn_ry_81_13_no_custom_OP.onnx,/data/metaroom/metaroom_ry_vanilla/val/orange/img_186_ry_0.png
6cnn_ry_81_13_no_custom_OP.onnx,/data/metaroom/metaroom_ry_vanilla/val/orange/img_219_ry_0.png
6cnn_ry_81_13_no_custom_OP.onnx,/data/metaroom/metaroom_ry_vanilla/val/orange/img_341_ry_0.png
6cnn_ry_81_13_no_custom_OP.onnx,/data/metaroom/metaroom_ry_vanilla/val/orange/img_28_ry_0.png
6cnn_ry_22_3_no_custom_OP.onnx,/data/metaroom/metaroom_ry_vanilla/val/book/img_410_ry_0.png
6cnn_ry_22_3_no_custom_OP.onnx,/data/metaroom/metaroom_ry_vanilla/val/book/img_209_ry_0.png
6cnn_ry_22_3_no_custom_OP.onnx,/data/metaroom/metaroom_ry_vanilla/val/book/img_378_ry_0.png
6cnn_ry_22_3_no_custom_OP.onnx,/data/metaroom/metaroom_ry_vanilla/val/book/img_368_ry_0.png
6cnn_ry_22_3_no_custom_OP.onnx,/data/metaroom/metaroom_ry_vanilla/val/book/img_375_ry_0.png
6cnn_ry_22_3_no_custom_OP.onnx,/data/metaroom/metaroom_ry_vanilla/val/book/img_361_ry_0.png
6cnn_ry_22_3_no_custom_OP.onnx,/data/metaroom/metaroom_ry_vanilla/val/book/img_301_ry_0.png
6cnn_ry_22_3_no_custom_OP.onnx,/data/metaroom/metaroom_ry_vanilla/val/book/img_127_ry_0.png
4cnn_tz_71_11_no_custom_OP.onnx,/data/metaroom/metaroom_tz_vanilla/val/monitor/img_208_tz_0.png
4cnn_tz_71_11_no_custom_OP.onnx,/data/metaroom/metaroom_tz_vanilla/val/monitor/img_96_tz_0.png
4cnn_tz_71_11_no_custom_OP.onnx,/data/metaroom/metaroom_tz_vanilla/val/monitor/img_205_tz_0.png
4cnn_tz_71_11_no_custom_OP.onnx,/data/metaroom/metaroom_tz_vanilla/val/monitor/img_453_tz_0.png
4cnn_tz_71_11_no_custom_OP.onnx,/data/metaroom/metaroom_tz_vanilla/val/monitor/img_465_tz_0.png
4cnn_tz_71_11_no_custom_OP.onnx,/data/metaroom/metaroom_tz_vanilla/val/monitor/img_194_tz_0.png
4cnn_tz_71_11_no_custom_OP.onnx,/data/metaroom/metaroom_tz_vanilla/val/monitor/img_412_tz_0.png
4cnn_tz_71_11_no_custom_OP.onnx,/data/metaroom/metaroom_tz_vanilla/val/monitor/img_314_tz_0.png
4cnn_tz_6_1_no_custom_OP.onnx,/data/metaroom/metaroom_tz_vanilla/val/beer_bottle/img_142_tz_0.png
4cnn_tz_6_1_no_custom_OP.onnx,/data/metaroom/metaroom_tz_vanilla/val/beer_bottle/img_286_tz_0.png
6cnn_tz_63_10_no_custom_OP.onnx,/data/metaroom/metaroom_tz_vanilla/val/laptop/img_19_tz_0.png
6cnn_tz_63_10_no_custom_OP.onnx,/data/metaroom/metaroom_tz_vanilla/val/laptop/img_253_tz_0.png
6cnn_tz_63_10_no_custom_OP.onnx,/data/metaroom/metaroom_tz_vanilla/val/laptop/img_455_tz_0.png
6cnn_tz_63_10_no_custom_OP.onnx,/data/metaroom/metaroom_tz_vanilla/val/laptop/img_392_tz_0.png
6cnn_tz_63_10_no_custom_OP.onnx,/data/metaroom/metaroom_tz_vanilla/val/laptop/img_492_tz_0.png
6cnn_tz_63_10_no_custom_OP.onnx,/data/metaroom/metaroom_tz_vanilla/val/laptop/img_451_tz_0.png
4cnn_ry_41_6_no_custom_OP.onnx,/data/metaroom/metaroom_ry_vanilla/val/cereal_box/img_194_ry_0.png
4cnn_ry_41_6_no_custom_OP.onnx,/data/metaroom/metaroom_ry_vanilla/val/cereal_box/img_358_ry_0.png
4cnn_ry_41_6_no_custom_OP.onnx,/data/metaroom/metaroom_ry_vanilla/val/cereal_box/img_451_ry_0.png
4cnn_ry_41_6_no_custom_OP.onnx,/data/metaroom/metaroom_ry_vanilla/val/cereal_box/img_98_ry_0.png
4cnn_ry_41_6_no_custom_OP.onnx,/data/metaroom/metaroom_ry_vanilla/val/cereal_box/img_135_ry_0.png
6cnn_tz_53_8_no_custom_OP.onnx,/data/metaroom/metaroom_tz_vanilla/val/honey_jar/img_135_tz_0.png
6cnn_tz_53_8_no_custom_OP.onnx,/data/metaroom/metaroom_tz_vanilla/val/honey_jar/img_359_tz_0.png
6cnn_tz_53_8_no_custom_OP.onnx,/data/metaroom/metaroom_tz_vanilla/val/honey_jar/img_268_tz_0.png
6cnn_tz_53_8_no_custom_OP.onnx,/data/metaroom/metaroom_tz_vanilla/val/honey_jar/img_448_tz_0.png
6cnn_tz_53_8_no_custom_OP.onnx,/data/metaroom/metaroom_tz_vanilla/val/honey_jar/img_207_tz_0.png
6cnn_tz_53_8_no_custom_OP.onnx,/data/metaroom/metaroom_tz_vanilla/val/honey_jar/img_456_tz_0.png
6cnn_tz_53_8_no_custom_OP.onnx,/data/metaroom/metaroom_tz_vanilla/val/honey_jar/img_7_tz_0.png
6cnn_tz_53_8_no_custom_OP.onnx,/data/metaroom/metaroom_tz_vanilla/val/honey_jar/img_197_tz_0.png
4cnn_tz_111_18_no_custom_OP.onnx,/data/metaroom/metaroom_tz_vanilla/val/water_bottle/img_418_tz_0.png
4cnn_tz_111_18_no_custom_OP.onnx,/data/metaroom/metaroom_tz_vanilla/val/water_bottle/img_410_tz_0.png
4cnn_tz_111_18_no_custom_OP.onnx,/data/metaroom/metaroom_tz_vanilla/val/water_bottle/img_346_tz_0.png
4cnn_tz_111_18_no_custom_OP.onnx,/data/metaroom/metaroom_tz_vanilla/val/water_bottle/img_362_tz_0.png
4cnn_tz_111_18_no_custom_OP.onnx,/data/metaroom/metaroom_tz_vanilla/val/water_bottle/img_476_tz_0.png
4cnn_tz_111_18_no_custom_OP.onnx,/data/metaroom/metaroom_tz_vanilla/val/water_bottle/img_267_tz_0.png
4cnn_tz_111_18_no_custom_OP.onnx,/data/metaroom/metaroom_tz_vanilla/val/water_bottle/img_458_tz_0.png
4cnn_tz_111_18_no_custom_OP.onnx,/data/metaroom/metaroom_tz_vanilla/val/water_bottle/img_421_tz_0.png
4cnn_tz_111_18_no_custom_OP.onnx,/data/metaroom/metaroom_tz_vanilla/val/water_bottle/img_311_tz_0.png
4cnn_tz_111_18_no_custom_OP.onnx,/data/metaroom/metaroom_tz_vanilla/val/water_bottle/img_431_tz_0.png
4cnn_tz_111_18_no_custom_OP.onnx,/data/metaroom/metaroom_tz_vanilla/val/water_bottle/img_105_tz_0.png
4cnn_tz_111_18_no_custom_OP.onnx,/data/metaroom/metaroom_tz_vanilla/val/water_bottle/img_42_tz_0.png
4cnn_tz_94_15_no_custom_OP.onnx,/data/metaroom/metaroom_tz_vanilla/val/rubber_duck/img_236_tz_0.png
4cnn_tz_94_15_no_custom_OP.onnx,/data/metaroom/metaroom_tz_vanilla/val/rubber_duck/img_485_tz_0.png
4cnn_tz_94_15_no_custom_OP.onnx,/data/metaroom/metaroom_tz_vanilla/val/rubber_duck/img_274_tz_0.png
4cnn_tz_94_15_no_custom_OP.onnx,/data/metaroom/metaroom_tz_vanilla/val/rubber_duck/img_284_tz_0.png
4cnn_tz_94_15_no_custom_OP.onnx,/data/metaroom/metaroom_tz_vanilla/val/rubber_duck/img_161_tz_0.png
4cnn_tz_94_15_no_custom_OP.onnx,/data/metaroom/metaroom_tz_vanilla/val/rubber_duck/img_296_tz_0.png
4cnn_tz_94_15_no_custom_OP.onnx,/data/metaroom/metaroom_tz_vanilla/val/rubber_duck/img_152_tz_0.png
4cnn_tz_94_15_no_custom_OP.onnx,/data/metaroom/metaroom_tz_vanilla/val/rubber_duck/img_473_tz_0.png
6cnn_ry_75_12_no_custom_OP.onnx,/data/metaroom/metaroom_ry_vanilla/val/office_telephone/img_27_ry_0.png
6cnn_ry_75_12_no_custom_OP.onnx,/data/metaroom/metaroom_ry_vanilla/val/office_telephone/img_426_ry_0.png
6cnn_ry_75_12_no_custom_OP.onnx,/data/metaroom/metaroom_ry_vanilla/val/office_telephone/img_374_ry_0.png
6cnn_ry_75_12_no_custom_OP.onnx,/data/metaroom/metaroom_ry_vanilla/val/office_telephone/img_264_ry_0.png
6cnn_ry_75_12_no_custom_OP.onnx,/data/metaroom/metaroom_ry_vanilla/val/office_telephone/img_192_ry_0.png
6cnn_ry_75_12_no_custom_OP.onnx,/data/metaroom/metaroom_ry_vanilla/val/office_telephone/img_359_ry_0.png
6cnn_ry_75_12_no_custom_OP.onnx,/data/metaroom/metaroom_ry_vanilla/val/office_telephone/img_118_ry_0.png
6cnn_ry_75_12_no_custom_OP.onnx,/data/metaroom/metaroom_ry_vanilla/val/office_telephone/img_78_ry_0.png
6cnn_ry_75_12_no_custom_OP.onnx,/data/metaroom/metaroom_ry_vanilla/val/office_telephone/img_128_ry_0.png
6cnn_tz_10_1_no_custom_OP.onnx,/data/metaroom/metaroom_tz_vanilla/val/beer_bottle/img_142_tz_0.png
6cnn_tz_10_1_no_custom_OP.onnx,/data/metaroom/metaroom_tz_vanilla/val/beer_bottle/img_350_tz_0.png
6cnn_tz_10_1_no_custom_OP.onnx,/data/metaroom/metaroom_tz_vanilla/val/beer_bottle/img_286_tz_0.png
6cnn_tz_10_1_no_custom_OP.onnx,/data/metaroom/metaroom_tz_vanilla/val/beer_bottle/img_175_tz_0.png
6cnn_tz_10_1_no_custom_OP.onnx,/data/metaroom/metaroom_tz_vanilla/val/beer_bottle/img_42_tz_0.png
4cnn_tz_9_1_no_custom_OP.onnx,/data/metaroom/metaroom_tz_vanilla/val/beer_bottle/img_142_tz_0.png
4cnn_tz_9_1_no_custom_OP.onnx,/data/metaroom/metaroom_tz_vanilla/val/beer_bottle/img_286_tz_0.png
6cnn_tz_62_10_no_custom_OP.onnx,/data/metaroom/metaroom_tz_vanilla/val/laptop/img_19_tz_0.png
6cnn_tz_62_10_no_custom_OP.onnx,/data/metaroom/metaroom_tz_vanilla/val/laptop/img_253_tz_0.png
6cnn_tz_62_10_no_custom_OP.onnx,/data/metaroom/metaroom_tz_vanilla/val/laptop/img_455_tz_0.png
6cnn_tz_62_10_no_custom_OP.onnx,/data/metaroom/metaroom_tz_vanilla/val/laptop/img_392_tz_0.png
6cnn_tz_62_10_no_custom_OP.onnx,/data/metaroom/metaroom_tz_vanilla/val/laptop/img_492_tz_0.png
6cnn_tz_62_10_no_custom_OP.onnx,/data/metaroom/metaroom_tz_vanilla/val/laptop/img_451_tz_0.png
4cnn_ry_34_5_no_custom_OP.onnx,/data/metaroom/metaroom_ry_vanilla/val/carafe/img_310_ry_0.png
4cnn_ry_34_5_no_custom_OP.onnx,/data/metaroom/metaroom_ry_vanilla/val/carafe/img_443_ry_0.png
4cnn_ry_34_5_no_custom_OP.onnx,/data/metaroom/metaroom_ry_vanilla/val/carafe/img_354_ry_0.png
4cnn_ry_34_5_no_custom_OP.onnx,/data/metaroom/metaroom_ry_vanilla/val/carafe/img_259_ry_0.png
4cnn_ry_34_5_no_custom_OP.onnx,/data/metaroom/metaroom_ry_vanilla/val/carafe/img_337_ry_0.png
4cnn_ry_34_5_no_custom_OP.onnx,/data/metaroom/metaroom_ry_vanilla/val/carafe/img_469_ry_0.png
4cnn_ry_34_5_no_custom_OP.onnx,/data/metaroom/metaroom_ry_vanilla/val/carafe/img_43_ry_0.png
4cnn_ry_34_5_no_custom_OP.onnx,/data/metaroom/metaroom_ry_vanilla/val/carafe/img_311_ry_0.png
4cnn_ry_61_10_no_custom_OP.onnx,/data/metaroom/metaroom_ry_vanilla/val/laptop/img_45_ry_0.png
4cnn_ry_61_10_no_custom_OP.onnx,/data/metaroom/metaroom_ry_vanilla/val/laptop/img_440_ry_0.png
4cnn_ry_61_10_no_custom_OP.onnx,/data/metaroom/metaroom_ry_vanilla/val/laptop/img_115_ry_0.png
4cnn_ry_61_10_no_custom_OP.onnx,/data/metaroom/metaroom_ry_vanilla/val/laptop/img_88_ry_0.png
4cnn_ry_61_10_no_custom_OP.onnx,/data/metaroom/metaroom_ry_vanilla/val/laptop/img_169_ry_0.png
4cnn_ry_61_10_no_custom_OP.onnx,/data/metaroom/metaroom_ry_vanilla/val/laptop/img_126_ry_0.png
4cnn_ry_61_10_no_custom_OP.onnx,/data/metaroom/metaroom_ry_vanilla/val/laptop/img_491_ry_0.png
4cnn_ry_61_10_no_custom_OP.onnx,/data/metaroom/metaroom_ry_vanilla/val/laptop/img_349_ry_0.png
4cnn_ry_61_10_no_custom_OP.onnx,/data/metaroom/metaroom_ry_vanilla/val/laptop/img_482_ry_0.png
4cnn_ry_61_10_no_custom_OP.onnx,/data/metaroom/metaroom_ry_vanilla/val/laptop/img_296_ry_0.png
4cnn_ry_61_10_no_custom_OP.onnx,/data/metaroom/metaroom_ry_vanilla/val/laptop/img_135_ry_0.png
6cnn_ry_11_1_no_custom_OP.onnx,/data/metaroom/metaroom_ry_vanilla/val/beer_bottle/img_483_ry_0.png
6cnn_ry_11_1_no_custom_OP.onnx,/data/metaroom/metaroom_ry_vanilla/val/beer_bottle/img_203_ry_0.png
6cnn_ry_11_1_no_custom_OP.onnx,/data/metaroom/metaroom_ry_vanilla/val/beer_bottle/img_91_ry_0.png
6cnn_ry_11_1_no_custom_OP.onnx,/data/metaroom/metaroom_ry_vanilla/val/beer_bottle/img_347_ry_0.png
6cnn_ry_11_1_no_custom_OP.onnx,/data/metaroom/metaroom_ry_vanilla/val/beer_bottle/img_63_ry_0.png
6cnn_ry_11_1_no_custom_OP.onnx,/data/metaroom/metaroom_ry_vanilla/val/beer_bottle/img_28_ry_0.png
6cnn_ry_11_1_no_custom_OP.onnx,/data/metaroom/metaroom_ry_vanilla/val/beer_bottle/img_457_ry_0.png
6cnn_ry_11_1_no_custom_OP.onnx,/data/metaroom/metaroom_ry_vanilla/val/beer_bottle/img_326_ry_0.png
6cnn_ry_11_1_no_custom_OP.onnx,/data/metaroom/metaroom_ry_vanilla/val/beer_bottle/img_175_ry_0.png
6cnn_tz_106_17_no_custom_OP.onnx,/data/metaroom/metaroom_tz_vanilla/val/telephone/img_489_tz_0.png
6cnn_tz_106_17_no_custom_OP.onnx,/data/metaroom/metaroom_tz_vanilla/val/telephone/img_96_tz_0.png
6cnn_tz_106_17_no_custom_OP.onnx,/data/metaroom/metaroom_tz_vanilla/val/telephone/img_154_tz_0.png
6cnn_tz_106_17_no_custom_OP.onnx,/data/metaroom/metaroom_tz_vanilla/val/telephone/img_277_tz_0.png
6cnn_tz_106_17_no_custom_OP.onnx,/data/metaroom/metaroom_tz_vanilla/val/telephone/img_229_tz_0.png
6cnn_tz_106_17_no_custom_OP.onnx,/data/metaroom/metaroom_tz_vanilla/val/telephone/img_127_tz_0.png
4cnn_ry_82_13_no_custom_OP.onnx,/data/metaroom/metaroom_ry_vanilla/val/orange/img_417_ry_0.png
4cnn_ry_82_13_no_custom_OP.onnx,/data/metaroom/metaroom_ry_vanilla/val/orange/img_354_ry_0.png
4cnn_ry_82_13_no_custom_OP.onnx,/data/metaroom/metaroom_ry_vanilla/val/orange/img_172_ry_0.png
4cnn_ry_82_13_no_custom_OP.onnx,/data/metaroom/metaroom_ry_vanilla/val/orange/img_382_ry_0.png
4cnn_ry_82_13_no_custom_OP.onnx,/data/metaroom/metaroom_ry_vanilla/val/orange/img_114_ry_0.png
4cnn_ry_82_13_no_custom_OP.onnx,/data/metaroom/metaroom_ry_vanilla/val/orange/img_186_ry_0.png
4cnn_ry_82_13_no_custom_OP.onnx,/data/metaroom/metaroom_ry_vanilla/val/orange/img_341_ry_0.png
4cnn_ry_82_13_no_custom_OP.onnx,/data/metaroom/metaroom_ry_vanilla/val/orange/img_28_ry_0.png
6cnn_ry_70_11_no_custom_OP.onnx,/data/metaroom/metaroom_ry_vanilla/val/monitor/img_408_ry_0.png
6cnn_ry_70_11_no_custom_OP.onnx,/data/metaroom/metaroom_ry_vanilla/val/monitor/img_189_ry_0.png
6cnn_ry_70_11_no_custom_OP.onnx,/data/metaroom/metaroom_ry_vanilla/val/monitor/img_27_ry_0.png
6cnn_ry_70_11_no_custom_OP.onnx,/data/metaroom/metaroom_ry_vanilla/val/monitor/img_317_ry_0.png
6cnn_ry_70_11_no_custom_OP.onnx,/data/metaroom/metaroom_ry_vanilla/val/monitor/img_353_ry_0.png
6cnn_ry_70_11_no_custom_OP.onnx,/data/metaroom/metaroom_ry_vanilla/val/monitor/img_251_ry_0.png
6cnn_ry_70_11_no_custom_OP.onnx,/data/metaroom/metaroom_ry_vanilla/val/monitor/img_114_ry_0.png
6cnn_ry_70_11_no_custom_OP.onnx,/data/metaroom/metaroom_ry_vanilla/val/monitor/img_409_ry_0.png
6cnn_ry_70_11_no_custom_OP.onnx,/data/metaroom/metaroom_ry_vanilla/val/monitor/img_68_ry_0.png
6cnn_tz_39_6_no_custom_OP.onnx,/data/metaroom/metaroom_tz_vanilla/val/cereal_box/img_313_tz_0.png
6cnn_tz_39_6_no_custom_OP.onnx,/data/metaroom/metaroom_tz_vanilla/val/cereal_box/img_219_tz_0.png
6cnn_tz_39_6_no_custom_OP.onnx,/data/metaroom/metaroom_tz_vanilla/val/cereal_box/img_310_tz_0.png
6cnn_tz_39_6_no_custom_OP.onnx,/data/metaroom/metaroom_tz_vanilla/val/cereal_box/img_232_tz_0.png
6cnn_tz_39_6_no_custom_OP.onnx,/data/metaroom/metaroom_tz_vanilla/val/cereal_box/img_107_tz_0.png
6cnn_tz_39_6_no_custom_OP.onnx,/data/metaroom/metaroom_tz_vanilla/val/cereal_box/img_421_tz_0.png
6cnn_tz_39_6_no_custom_OP.onnx,/data/metaroom/metaroom_tz_vanilla/val/cereal_box/img_394_tz_0.png
6cnn_ry_57_9_no_custom_OP.onnx,/data/metaroom/metaroom_ry_vanilla/val/jam_jar/img_189_ry_0.png
6cnn_ry_57_9_no_custom_OP.onnx,/data/metaroom/metaroom_ry_vanilla/val/jam_jar/img_266_ry_0.png
6cnn_ry_57_9_no_custom_OP.onnx,/data/metaroom/metaroom_ry_vanilla/val/jam_jar/img_213_ry_0.png
6cnn_ry_57_9_no_custom_OP.onnx,/data/metaroom/metaroom_ry_vanilla/val/jam_jar/img_458_ry_0.png
6cnn_ry_57_9_no_custom_OP.onnx,/data/metaroom/metaroom_ry_vanilla/val/jam_jar/img_28_ry_0.png
6cnn_ry_39_6_no_custom_OP.onnx,/data/metaroom/metaroom_ry_vanilla/val/cereal_box/img_194_ry_0.png
6cnn_ry_39_6_no_custom_OP.onnx,/data/metaroom/metaroom_ry_vanilla/val/cereal_box/img_358_ry_0.png
6cnn_ry_39_6_no_custom_OP.onnx,/data/metaroom/metaroom_ry_vanilla/val/cereal_box/img_451_ry_0.png
6cnn_ry_39_6_no_custom_OP.onnx,/data/metaroom/metaroom_ry_vanilla/val/cereal_box/img_135_ry_0.png
4cnn_tz_99_16_no_custom_OP.onnx,/data/metaroom/metaroom_tz_vanilla/val/soccer_ball/img_366_tz_0.png
4cnn_tz_99_16_no_custom_OP.onnx,/data/metaroom/metaroom_tz_vanilla/val/soccer_ball/img_36_tz_0.png
4cnn_tz_99_16_no_custom_OP.onnx,/data/metaroom/metaroom_tz_vanilla/val/soccer_ball/img_476_tz_0.png
4cnn_tz_99_16_no_custom_OP.onnx,/data/metaroom/metaroom_tz_vanilla/val/soccer_ball/img_212_tz_0.png
4cnn_tz_99_16_no_custom_OP.onnx,/data/metaroom/metaroom_tz_vanilla/val/soccer_ball/img_328_tz_0.png
4cnn_tz_99_16_no_custom_OP.onnx,/data/metaroom/metaroom_tz_vanilla/val/soccer_ball/img_16_tz_0.png
6cnn_tz_38_6_no_custom_OP.onnx,/data/metaroom/metaroom_tz_vanilla/val/cereal_box/img_313_tz_0.png
6cnn_tz_38_6_no_custom_OP.onnx,/data/metaroom/metaroom_tz_vanilla/val/cereal_box/img_219_tz_0.png
6cnn_tz_38_6_no_custom_OP.onnx,/data/metaroom/metaroom_tz_vanilla/val/cereal_box/img_310_tz_0.png
6cnn_tz_38_6_no_custom_OP.onnx,/data/metaroom/metaroom_tz_vanilla/val/cereal_box/img_232_tz_0.png
6cnn_tz_38_6_no_custom_OP.onnx,/data/metaroom/metaroom_tz_vanilla/val/cereal_box/img_107_tz_0.png
6cnn_tz_38_6_no_custom_OP.onnx,/data/metaroom/metaroom_tz_vanilla/val/cereal_box/img_421_tz_0.png
6cnn_tz_38_6_no_custom_OP.onnx,/data/metaroom/metaroom_tz_vanilla/val/cereal_box/img_394_tz_0.png
6cnn_tz_104_17_no_custom_OP.onnx,/data/metaroom/metaroom_tz_vanilla/val/telephone/img_489_tz_0.png
6cnn_tz_104_17_no_custom_OP.onnx,/data/metaroom/metaroom_tz_vanilla/val/telephone/img_96_tz_0.png
6cnn_tz_104_17_no_custom_OP.onnx,/data/metaroom/metaroom_tz_vanilla/val/telephone/img_154_tz_0.png
6cnn_tz_104_17_no_custom_OP.onnx,/data/metaroom/metaroom_tz_vanilla/val/telephone/img_277_tz_0.png
6cnn_tz_104_17_no_custom_OP.onnx,/data/metaroom/metaroom_tz_vanilla/val/telephone/img_229_tz_0.png
6cnn_tz_104_17_no_custom_OP.onnx,/data/metaroom/metaroom_tz_vanilla/val/telephone/img_127_tz_0.png
6cnn_ry_67_11_no_custom_OP.onnx,/data/metaroom/metaroom_ry_vanilla/val/monitor/img_408_ry_0.png
6cnn_ry_67_11_no_custom_OP.onnx,/data/metaroom/metaroom_ry_vanilla/val/monitor/img_189_ry_0.png
6cnn_ry_67_11_no_custom_OP.onnx,/data/metaroom/metaroom_ry_vanilla/val/monitor/img_27_ry_0.png
6cnn_ry_67_11_no_custom_OP.onnx,/data/metaroom/metaroom_ry_vanilla/val/monitor/img_317_ry_0.png
6cnn_ry_67_11_no_custom_OP.onnx,/data/metaroom/metaroom_ry_vanilla/val/monitor/img_353_ry_0.png
6cnn_ry_67_11_no_custom_OP.onnx,/data/metaroom/metaroom_ry_vanilla/val/monitor/img_251_ry_0.png
6cnn_ry_67_11_no_custom_OP.onnx,/data/metaroom/metaroom_ry_vanilla/val/monitor/img_114_ry_0.png
6cnn_ry_67_11_no_custom_OP.onnx,/data/metaroom/metaroom_ry_vanilla/val/monitor/img_409_ry_0.png
6cnn_ry_67_11_no_custom_OP.onnx,/data/metaroom/metaroom_ry_vanilla/val/monitor/img_68_ry_0.png
6cnn_ry_28_4_no_custom_OP.onnx,/data/metaroom/metaroom_ry_vanilla/val/can/img_265_ry_0.png
6cnn_ry_28_4_no_custom_OP.onnx,/data/metaroom/metaroom_ry_vanilla/val/can/img_334_ry_0.png
6cnn_ry_28_4_no_custom_OP.onnx,/data/metaroom/metaroom_ry_vanilla/val/can/img_365_ry_0.png
6cnn_ry_28_4_no_custom_OP.onnx,/data/metaroom/metaroom_ry_vanilla/val/can/img_84_ry_0.png
6cnn_ry_28_4_no_custom_OP.onnx,/data/metaroom/metaroom_ry_vanilla/val/can/img_251_ry_0.png
6cnn_ry_28_4_no_custom_OP.onnx,/data/metaroom/metaroom_ry_vanilla/val/can/img_363_ry_0.png
6cnn_ry_28_4_no_custom_OP.onnx,/data/metaroom/metaroom_ry_vanilla/val/can/img_232_ry_0.png
6cnn_ry_28_4_no_custom_OP.onnx,/data/metaroom/metaroom_ry_vanilla/val/can/img_438_ry_0.png
6cnn_ry_28_4_no_custom_OP.onnx,/data/metaroom/metaroom_ry_vanilla/val/can/img_404_ry_0.png
6cnn_ry_28_4_no_custom_OP.onnx,/data/metaroom/metaroom_ry_vanilla/val/can/img_449_ry_0.png
6cnn_tz_81_13_no_custom_OP.onnx,/data/metaroom/metaroom_tz_vanilla/val/orange/img_410_tz_0.png
6cnn_tz_81_13_no_custom_OP.onnx,/data/metaroom/metaroom_tz_vanilla/val/orange/img_186_tz_0.png
6cnn_tz_81_13_no_custom_OP.onnx,/data/metaroom/metaroom_tz_vanilla/val/orange/img_216_tz_0.png
6cnn_tz_81_13_no_custom_OP.onnx,/data/metaroom/metaroom_tz_vanilla/val/orange/img_471_tz_0.png
6cnn_tz_81_13_no_custom_OP.onnx,/data/metaroom/metaroom_tz_vanilla/val/orange/img_271_tz_0.png
6cnn_tz_81_13_no_custom_OP.onnx,/data/metaroom/metaroom_tz_vanilla/val/orange/img_173_tz_0.png
6cnn_tz_81_13_no_custom_OP.onnx,/data/metaroom/metaroom_tz_vanilla/val/orange/img_152_tz_0.png
6cnn_tz_81_13_no_custom_OP.onnx,/data/metaroom/metaroom_tz_vanilla/val/orange/img_456_tz_0.png
6cnn_tz_81_13_no_custom_OP.onnx,/data/metaroom/metaroom_tz_vanilla/val/orange/img_78_tz_0.png
6cnn_tz_4_0_no_custom_OP.onnx,/data/metaroom/metaroom_tz_vanilla/val/apple/img_32_tz_0.png
6cnn_tz_4_0_no_custom_OP.onnx,/data/metaroom/metaroom_tz_vanilla/val/apple/img_5_tz_0.png
6cnn_tz_4_0_no_custom_OP.onnx,/data/metaroom/metaroom_tz_vanilla/val/apple/img_471_tz_0.png
6cnn_tz_4_0_no_custom_OP.onnx,/data/metaroom/metaroom_tz_vanilla/val/apple/img_133_tz_0.png
6cnn_tz_4_0_no_custom_OP.onnx,/data/metaroom/metaroom_tz_vanilla/val/apple/img_211_tz_0.png
6cnn_tz_4_0_no_custom_OP.onnx,/data/metaroom/metaroom_tz_vanilla/val/apple/img_158_tz_0.png
6cnn_tz_20_3_no_custom_OP.onnx,/data/metaroom/metaroom_tz_vanilla/val/book/img_25_tz_0.png
6cnn_tz_20_3_no_custom_OP.onnx,/data/metaroom/metaroom_tz_vanilla/val/book/img_116_tz_0.png
6cnn_tz_20_3_no_custom_OP.onnx,/data/metaroom/metaroom_tz_vanilla/val/book/img_480_tz_0.png
6cnn_tz_20_3_no_custom_OP.onnx,/data/metaroom/metaroom_tz_vanilla/val/book/img_371_tz_0.png
6cnn_tz_20_3_no_custom_OP.onnx,/data/metaroom/metaroom_tz_vanilla/val/book/img_345_tz_0.png
6cnn_tz_20_3_no_custom_OP.onnx,/data/metaroom/metaroom_tz_vanilla/val/book/img_212_tz_0.png
6cnn_tz_20_3_no_custom_OP.onnx,/data/metaroom/metaroom_tz_vanilla/val/book/img_151_tz_0.png
6cnn_tz_20_3_no_custom_OP.onnx,/data/metaroom/metaroom_tz_vanilla/val/book/img_248_tz_0.png
6cnn_tz_20_3_no_custom_OP.onnx,/data/metaroom/metaroom_tz_vanilla/val/book/img_196_tz_0.png
6cnn_tz_20_3_no_custom_OP.onnx,/data/metaroom/metaroom_tz_vanilla/val/book/img_462_tz_0.png
6cnn_tz_20_3_no_custom_OP.onnx,/data/metaroom/metaroom_tz_vanilla/val/book/img_436_tz_0.png
6cnn_tz_20_3_no_custom_OP.onnx,/data/metaroom/metaroom_tz_vanilla/val/book/img_108_tz_0.png
6cnn_tz_20_3_no_custom_OP.onnx,/data/metaroom/metaroom_tz_vanilla/val/book/img_295_tz_0.png
4cnn_ry_71_11_no_custom_OP.onnx,/data/metaroom/metaroom_ry_vanilla/val/monitor/img_189_ry_0.png
4cnn_ry_71_11_no_custom_OP.onnx,/data/metaroom/metaroom_ry_vanilla/val/monitor/img_27_ry_0.png
4cnn_ry_71_11_no_custom_OP.onnx,/data/metaroom/metaroom_ry_vanilla/val/monitor/img_317_ry_0.png
4cnn_ry_71_11_no_custom_OP.onnx,/data/metaroom/metaroom_ry_vanilla/val/monitor/img_114_ry_0.png
4cnn_ry_71_11_no_custom_OP.onnx,/data/metaroom/metaroom_ry_vanilla/val/monitor/img_409_ry_0.png
4cnn_ry_71_11_no_custom_OP.onnx,/data/metaroom/metaroom_ry_vanilla/val/monitor/img_68_ry_0.png
4cnn_ry_5_0_no_custom_OP.onnx,/data/metaroom/metaroom_ry_vanilla/val/apple/img_119_ry_0.png
4cnn_ry_5_0_no_custom_OP.onnx,/data/metaroom/metaroom_ry_vanilla/val/apple/img_27_ry_0.png
4cnn_ry_5_0_no_custom_OP.onnx,/data/metaroom/metaroom_ry_vanilla/val/apple/img_192_ry_0.png
4cnn_ry_5_0_no_custom_OP.onnx,/data/metaroom/metaroom_ry_vanilla/val/apple/img_124_ry_0.png
4cnn_ry_5_0_no_custom_OP.onnx,/data/metaroom/metaroom_ry_vanilla/val/apple/img_213_ry_0.png
4cnn_ry_5_0_no_custom_OP.onnx,/data/metaroom/metaroom_ry_vanilla/val/apple/img_112_ry_0.png
4cnn_ry_5_0_no_custom_OP.onnx,/data/metaroom/metaroom_ry_vanilla/val/apple/img_66_ry_0.png
4cnn_ry_5_0_no_custom_OP.onnx,/data/metaroom/metaroom_ry_vanilla/val/apple/img_418_ry_0.png
4cnn_ry_5_0_no_custom_OP.onnx,/data/metaroom/metaroom_ry_vanilla/val/apple/img_109_ry_0.png
4cnn_ry_5_0_no_custom_OP.onnx,/data/metaroom/metaroom_ry_vanilla/val/apple/img_1_ry_0.png
6cnn_ry_92_15_no_custom_OP.onnx,/data/metaroom/metaroom_ry_vanilla/val/rubber_duck/img_408_ry_0.png
6cnn_ry_92_15_no_custom_OP.onnx,/data/metaroom/metaroom_ry_vanilla/val/rubber_duck/img_84_ry_0.png
6cnn_ry_92_15_no_custom_OP.onnx,/data/metaroom/metaroom_ry_vanilla/val/rubber_duck/img_263_ry_0.png
6cnn_ry_92_15_no_custom_OP.onnx,/data/metaroom/metaroom_ry_vanilla/val/rubber_duck/img_389_ry_0.png
6cnn_ry_92_15_no_custom_OP.onnx,/data/metaroom/metaroom_ry_vanilla/val/rubber_duck/img_232_ry_0.png
6cnn_ry_92_15_no_custom_OP.onnx,/data/metaroom/metaroom_ry_vanilla/val/rubber_duck/img_448_ry_0.png
6cnn_ry_92_15_no_custom_OP.onnx,/data/metaroom/metaroom_ry_vanilla/val/rubber_duck/img_492_ry_0.png
6cnn_ry_92_15_no_custom_OP.onnx,/data/metaroom/metaroom_ry_vanilla/val/rubber_duck/img_435_ry_0.png
4cnn_tz_48_8_no_custom_OP.onnx,/data/metaroom/metaroom_tz_vanilla/val/honey_jar/img_135_tz_0.png
4cnn_tz_48_8_no_custom_OP.onnx,/data/metaroom/metaroom_tz_vanilla/val/honey_jar/img_359_tz_0.png
4cnn_tz_48_8_no_custom_OP.onnx,/data/metaroom/metaroom_tz_vanilla/val/honey_jar/img_268_tz_0.png
4cnn_tz_48_8_no_custom_OP.onnx,/data/metaroom/metaroom_tz_vanilla/val/honey_jar/img_448_tz_0.png
4cnn_tz_48_8_no_custom_OP.onnx,/data/metaroom/metaroom_tz_vanilla/val/honey_jar/img_456_tz_0.png
4cnn_tz_48_8_no_custom_OP.onnx,/data/metaroom/metaroom_tz_vanilla/val/honey_jar/img_7_tz_0.png
4cnn_tz_48_8_no_custom_OP.onnx,/data/metaroom/metaroom_tz_vanilla/val/honey_jar/img_197_tz_0.png
6cnn_ry_37_6_no_custom_OP.onnx,/data/metaroom/metaroom_ry_vanilla/val/cereal_box/img_194_ry_0.png
6cnn_ry_37_6_no_custom_OP.onnx,/data/metaroom/metaroom_ry_vanilla/val/cereal_box/img_358_ry_0.png
6cnn_ry_37_6_no_custom_OP.onnx,/data/metaroom/metaroom_ry_vanilla/val/cereal_box/img_451_ry_0.png
6cnn_ry_37_6_no_custom_OP.onnx,/data/metaroom/metaroom_ry_vanilla/val/cereal_box/img_135_ry_0.png
4cnn_tz_34_5_no_custom_OP.onnx,/data/metaroom/metaroom_tz_vanilla/val/carafe/img_375_tz_0.png
4cnn_tz_34_5_no_custom_OP.onnx,/data/metaroom/metaroom_tz_vanilla/val/carafe/img_87_tz_0.png
4cnn_tz_34_5_no_custom_OP.onnx,/data/metaroom/metaroom_tz_vanilla/val/carafe/img_386_tz_0.png
4cnn_tz_34_5_no_custom_OP.onnx,/data/metaroom/metaroom_tz_vanilla/val/carafe/img_225_tz_0.png
4cnn_tz_34_5_no_custom_OP.onnx,/data/metaroom/metaroom_tz_vanilla/val/carafe/img_257_tz_0.png
4cnn_tz_34_5_no_custom_OP.onnx,/data/metaroom/metaroom_tz_vanilla/val/carafe/img_315_tz_0.png
4cnn_tz_34_5_no_custom_OP.onnx,/data/metaroom/metaroom_tz_vanilla/val/carafe/img_353_tz_0.png
4cnn_tz_34_5_no_custom_OP.onnx,/data/metaroom/metaroom_tz_vanilla/val/carafe/img_432_tz_0.png
4cnn_tz_34_5_no_custom_OP.onnx,/data/metaroom/metaroom_tz_vanilla/val/carafe/img_285_tz_0.png
4cnn_tz_34_5_no_custom_OP.onnx,/data/metaroom/metaroom_tz_vanilla/val/carafe/img_258_tz_0.png
4cnn_tz_34_5_no_custom_OP.onnx,/data/metaroom/metaroom_tz_vanilla/val/carafe/img_215_tz_0.png
4cnn_tz_34_5_no_custom_OP.onnx,/data/metaroom/metaroom_tz_vanilla/val/carafe/img_146_tz_0.png
6cnn_ry_71_11_no_custom_OP.onnx,/data/metaroom/metaroom_ry_vanilla/val/monitor/img_408_ry_0.png
6cnn_ry_71_11_no_custom_OP.onnx,/data/metaroom/metaroom_ry_vanilla/val/monitor/img_189_ry_0.png
6cnn_ry_71_11_no_custom_OP.onnx,/data/metaroom/metaroom_ry_vanilla/val/monitor/img_27_ry_0.png
6cnn_ry_71_11_no_custom_OP.onnx,/data/metaroom/metaroom_ry_vanilla/val/monitor/img_317_ry_0.png
6cnn_ry_71_11_no_custom_OP.onnx,/data/metaroom/metaroom_ry_vanilla/val/monitor/img_353_ry_0.png
6cnn_ry_71_11_no_custom_OP.onnx,/data/metaroom/metaroom_ry_vanilla/val/monitor/img_251_ry_0.png
6cnn_ry_71_11_no_custom_OP.onnx,/data/metaroom/metaroom_ry_vanilla/val/monitor/img_114_ry_0.png
6cnn_ry_71_11_no_custom_OP.onnx,/data/metaroom/metaroom_ry_vanilla/val/monitor/img_409_ry_0.png
6cnn_ry_71_11_no_custom_OP.onnx,/data/metaroom/metaroom_ry_vanilla/val/monitor/img_68_ry_0.png
6cnn_tz_19_3_no_custom_OP.onnx,/data/metaroom/metaroom_tz_vanilla/val/book/img_25_tz_0.png
6cnn_tz_19_3_no_custom_OP.onnx,/data/metaroom/metaroom_tz_vanilla/val/book/img_116_tz_0.png
6cnn_tz_19_3_no_custom_OP.onnx,/data/metaroom/metaroom_tz_vanilla/val/book/img_480_tz_0.png
6cnn_tz_19_3_no_custom_OP.onnx,/data/metaroom/metaroom_tz_vanilla/val/book/img_371_tz_0.png
6cnn_tz_19_3_no_custom_OP.onnx,/data/metaroom/metaroom_tz_vanilla/val/book/img_345_tz_0.png
6cnn_tz_19_3_no_custom_OP.onnx,/data/metaroom/metaroom_tz_vanilla/val/book/img_212_tz_0.png
6cnn_tz_19_3_no_custom_OP.onnx,/data/metaroom/metaroom_tz_vanilla/val/book/img_151_tz_0.png
6cnn_tz_19_3_no_custom_OP.onnx,/data/metaroom/metaroom_tz_vanilla/val/book/img_248_tz_0.png
6cnn_tz_19_3_no_custom_OP.onnx,/data/metaroom/metaroom_tz_vanilla/val/book/img_196_tz_0.png
6cnn_tz_19_3_no_custom_OP.onnx,/data/metaroom/metaroom_tz_vanilla/val/book/img_462_tz_0.png
6cnn_tz_19_3_no_custom_OP.onnx,/data/metaroom/metaroom_tz_vanilla/val/book/img_436_tz_0.png
6cnn_tz_19_3_no_custom_OP.onnx,/data/metaroom/metaroom_tz_vanilla/val/book/img_108_tz_0.png
6cnn_tz_19_3_no_custom_OP.onnx,/data/metaroom/metaroom_tz_vanilla/val/book/img_295_tz_0.png
4cnn_ry_39_6_no_custom_OP.onnx,/data/metaroom/metaroom_ry_vanilla/val/cereal_box/img_194_ry_0.png
4cnn_ry_39_6_no_custom_OP.onnx,/data/metaroom/metaroom_ry_vanilla/val/cereal_box/img_358_ry_0.png
4cnn_ry_39_6_no_custom_OP.onnx,/data/metaroom/metaroom_ry_vanilla/val/cereal_box/img_451_ry_0.png
4cnn_ry_39_6_no_custom_OP.onnx,/data/metaroom/metaroom_ry_vanilla/val/cereal_box/img_98_ry_0.png
4cnn_ry_39_6_no_custom_OP.onnx,/data/metaroom/metaroom_ry_vanilla/val/cereal_box/img_135_ry_0.png
6cnn_ry_103_17_no_custom_OP.onnx,/data/metaroom/metaroom_ry_vanilla/val/telephone/img_429_ry_0.png
6cnn_ry_103_17_no_custom_OP.onnx,/data/metaroom/metaroom_ry_vanilla/val/telephone/img_328_ry_0.png
6cnn_ry_103_17_no_custom_OP.onnx,/data/metaroom/metaroom_ry_vanilla/val/telephone/img_279_ry_0.png
6cnn_ry_103_17_no_custom_OP.onnx,/data/metaroom/metaroom_ry_vanilla/val/telephone/img_191_ry_0.png
6cnn_ry_103_17_no_custom_OP.onnx,/data/metaroom/metaroom_ry_vanilla/val/telephone/img_247_ry_0.png
6cnn_ry_103_17_no_custom_OP.onnx,/data/metaroom/metaroom_ry_vanilla/val/telephone/img_356_ry_0.png
6cnn_ry_103_17_no_custom_OP.onnx,/data/metaroom/metaroom_ry_vanilla/val/telephone/img_161_ry_0.png
6cnn_ry_103_17_no_custom_OP.onnx,/data/metaroom/metaroom_ry_vanilla/val/telephone/img_449_ry_0.png
4cnn_ry_55_9_no_custom_OP.onnx,/data/metaroom/metaroom_ry_vanilla/val/jam_jar/img_189_ry_0.png
4cnn_ry_55_9_no_custom_OP.onnx,/data/metaroom/metaroom_ry_vanilla/val/jam_jar/img_266_ry_0.png
4cnn_ry_55_9_no_custom_OP.onnx,/data/metaroom/metaroom_ry_vanilla/val/jam_jar/img_213_ry_0.png
4cnn_ry_55_9_no_custom_OP.onnx,/data/metaroom/metaroom_ry_vanilla/val/jam_jar/img_458_ry_0.png
4cnn_ry_55_9_no_custom_OP.onnx,/data/metaroom/metaroom_ry_vanilla/val/jam_jar/img_28_ry_0.png
